,Argentina,Australia,Botswana,Brazil,Canada,Chile,China,Colombia,Denmark,Egypt,U.A.E (Emirati),Finland,France,Germany,Ghana,India,Indonesia,Italy,Japan,Kenya,Korea,Kuwait,Mexico,Morocco,Netherlands,Nigeria,Norway,Pakistan,Peru,Philippines,Poland,Portugal,Romania,Russia,Saudi Arabia,Singapore,Spain,Sweden,Thailand,Turkey,UK,United States,Venezuela,Zimbabwe,Czech Republic,Ireland,Greece,Israel,Qatar,Cameroon,Tanzania,Uganda,Belgium,Hungary,Bolivia,Ethiopia,Austria,Switzerland,Tunisia,Ukraine,Malaysia,Vietnam,New Zealand,Jordan,South Africa (Afrikaans),South Africa (Zulu),Bulgaria,Lebanon,Costa Rica,Jamaica,Dominican Republic
Argentina,0.0,3.858356484036607,3.3116223885908966,1.7269960741808383,4.073584695239508,1.3905424581033692,3.2119734123282484,1.890385681640636,4.473372266164785,2.2122867020974235,2.4788829052664494,3.750830077265923,1.7221756786240352,4.0552190846752545,3.378415405388215,2.5841478295272164,4.275960802762817,0.8498808024710962,5.1572121176738435,3.0395429521096324,3.568982950807908,2.9875710639202957,1.854268029210839,2.1575338627418987,4.672227134394471,2.4518158381855835,4.38930346912137,2.768639705626054,2.423058609426099,4.072862590541922,1.939625383977981,0.8093842778627338,1.1116485565179548,2.089566745248304,3.226231658698001,2.7888620945130262,0.6213041871905435,4.680743429676726,4.366203741138316,1.7801654260283537,3.294332609331088,4.118658730304,2.049641450116151,3.3601003631541864,3.156836713535864,3.1017869041942263,1.2861616757322,2.8847210057875827,3.0357749031146524,2.991360936111911,3.6191387749530697,3.2135353291716076,2.559212448985929,2.435342333047085,2.3828771105321365,3.7932043253138312,2.073389387478825,3.3207340484682724,2.10102207118703,1.54653998144256,2.949600465075042,3.5772325444794495,3.027411553712287,2.792260521417517,2.862875733026434,2.12259764615383,1.3574911436606059,1.6524341582271114,1.5601304214951663,1.0316622541596023,2.2290005978634206
Australia,3.858356484036607,0.0,6.456095335905583,4.348157951472344,1.1370183486310863,4.1694991062540385,6.306087381969621,4.654191691001628,1.97715089621759,5.340032619472306,5.245728655251627,2.0018057677987695,4.000106434257542,2.552827272399412,6.5634974745150725,5.733698732087465,7.114285323371098,3.9065337142434453,6.434848840108984,6.275109222908261,6.386088711530439,6.0952228522677645,4.57247059827213,5.31521429687387,1.9512757760848805,6.061336800409668,2.2096211149393468,5.9441663602483805,5.254800547326017,6.990249190621872,2.850634096288797,3.7030106433546113,4.502267171825314,4.947965021264102,6.3310529764256955,4.711555400281279,3.6810268616854573,2.788100854428654,7.169129671783149,4.940968012066854,2.1351213344302997,1.0748327023657338,4.925692341206091,6.516945805460586,2.900487444976552,2.2003901706024127,4.362710745682437,3.11624681309739,6.113859592222767,6.504540912409718,6.689512338864534,6.477817501354085,2.453408696368902,4.19323326460129,5.185312200710984,6.890691114983525,2.73626878885996,1.9340683310459121,5.376505426309248,4.317401483104665,5.824308241511676,6.505553608049409,1.4503836112584416,5.752089196241673,2.0084198768699646,5.327919109859024,4.557924152821886,4.776231906592263,4.322284431934918,4.71933170781041,5.396694488038364
Botswana,3.3116223885908966,6.456095335905583,0.0,2.4872591000025865,6.190248994502754,2.5243495606152853,0.8283487630461194,1.9266563516268203,7.313882859465286,1.3015920758918116,1.4021024025081563,6.095243127639558,4.55074363330055,6.8889078524559135,0.3581273709529427,0.8036333474354189,1.2536174304789478,3.516964500618034,4.978957055467175,0.48920834785612877,1.3897054236863988,0.47731435881904005,2.0391910278586054,1.3318766058300575,7.628924844823536,2.917679041369342,6.8188197220187545,0.6554359458090249,1.5197089032571696,1.0228910201020875,4.735170577045611,3.113819819838668,3.052756860341905,4.2893152525642035,0.6175489233323823,2.9830116180842725,3.7245329274121097,6.766123038249608,1.3487391857205395,1.7651102273914527,5.127752995752387,6.304859985064378,1.7007909596693012,0.2536613831863164,4.986914412631349,5.1485304474946405,4.048124888857221,6.06609788433889,0.5884345461362501,1.0619195142406122,0.49012714059811596,0.4017497592606098,5.223086743625829,4.407606821250443,1.5418704566142547,0.5254470404102562,4.473523704395682,5.683689364887212,1.3845883346712486,4.079883907761031,1.1169493913742405,0.9539246764760377,5.448694376878712,0.9243508270390128,5.5896668724685155,1.2912301987764958,3.562740642169147,1.9244211860109468,2.359201179747831,2.852840706764727,1.2183046358371674
Brazil,1.7269960741808383,4.348157951472344,2.4872591000025865,0.0,4.1366631923127,0.5119171093625009,2.364964027580594,0.7804458377148691,4.994179421007984,1.5074637585928319,1.5458374115243072,3.91295136011071,3.2201767975077837,4.9300557511398555,2.595881921856493,1.8101116992302535,3.102311297022742,2.1228375269427353,4.037964475797004,2.3278949051932907,2.724776539910582,2.0669836474353778,0.6995772355762355,1.5116347506720007,5.349186736126373,3.3177997383776066,4.465702927495423,2.0023860910382982,1.2189326274811796,2.9664979786258536,3.1529744113385916,1.4477109598368656,2.1177967709516414,3.565391863409731,2.2444324687416963,2.2703468333670567,2.049354917265639,4.401892788776706,3.168048163436214,1.168240876870688,3.108635390197661,4.419958571711587,0.9739403303917253,2.5198158683394696,3.5810825134907707,2.807698321170888,2.844557154416944,4.116166202250898,2.068118481842007,2.6562311113322736,2.6637366281278894,2.504400017817319,3.0026983479545524,3.3900159043241045,1.1686554603329806,2.8881281185317547,2.8521489129000117,3.801135173209281,1.6011948592212082,3.096081580587789,1.944963201564117,2.538539635871442,3.2572723865171143,1.8918228801196617,3.849577725751975,1.453932652233166,2.6680787931439545,1.1523491025158665,0.7367544008983258,2.1606331464904818,1.4585956858081628
Canada,4.073584695239508,1.1370183486310863,6.190248994502754,4.1366631923127,0.0,4.012185703146551,6.022999750902986,4.410296179473251,2.5321863591381266,5.120866442255531,4.951446697509757,2.004808376746453,4.467873562951078,3.186549897910393,6.303557000702073,5.500306815865179,6.6904560693990245,4.1230848759621574,5.955407906783816,6.035742020513317,6.0501182940762055,5.83066827143465,4.33170948693725,5.109788586204272,2.7062582934603014,6.265753072058074,2.2156960686554474,5.707061212433898,4.957430222661462,6.59915858300848,3.2881075586635773,3.7612338671702674,4.669778104871446,5.390893578175205,6.041630878423687,4.436924440890008,3.9596966290708644,2.494691940035541,6.731391146399641,4.789045882316843,1.4974060020510505,0.8631550175629039,4.686725772924364,6.239834353105143,2.876103537892941,1.8641995338742805,4.779014558697289,3.95368503610013,5.834852883865139,6.385250241882009,6.364088927374972,6.241993416379634,2.6662991294424065,4.489381736906155,4.887985442699961,6.578250462089921,2.9257645914877433,2.129609552433375,5.2097197926057905,4.747334511341121,5.495095716951524,6.139511605441792,1.6428161972528548,5.492452236994985,2.526659758244335,5.138598015024826,4.854584137229799,4.64271144923456,4.157288926614086,4.91480181034094,5.198470239890435
Chile,1.3905424581033692,4.1694991062540385,2.5243495606152853,0.5119171093625009,4.012185703146551,0.0,2.407806946908613,0.7436176769360713,4.894494186124415,1.3887070090699198,1.490801719742552,3.83708881628194,2.8680192125103576,4.634702209359249,2.602953478962112,1.7818080537570162,3.252921157085413,1.762018429147688,4.210099403126809,2.3181097451839077,2.73863091997932,2.1099190206211293,0.6927148322811597,1.3780872032568845,5.19765417954833,3.0110288537720837,4.4531386113803535,1.9738457545939816,1.3061280965079796,3.0992542071249276,2.776128340213316,1.0928713129166172,1.7551286226842315,3.191870218784963,2.319056392325641,2.1378334282708664,1.7250813570933734,4.4750369719216465,3.325903368614818,0.9944751653919788,2.9634510938737395,4.2302392192455285,1.0014320901027187,2.543940403002496,3.296620055843119,2.7983827049870005,2.519547273157455,3.9587515298624445,2.1282322909843856,2.5844445783021555,2.739754749567366,2.5067353503488152,2.8171337146756144,3.090819920768881,1.2426487799416235,2.952053292740661,2.4870207759484098,3.57662561559155,1.442258650006028,2.72679323819214,1.962112775762828,2.629856340730854,3.1733898371307894,1.912059490614226,3.5213490644200305,1.3696410559514847,2.3143719726027547,0.9603160394473913,0.6427472377432725,1.8076221801698873,1.4197807591563192
China,3.2119734123282484,6.306087381969621,0.8283487630461194,2.364964027580594,6.022999750902986,2.407806946908613,0.0,1.7581393054435006,7.032495528072628,1.1675072496810373,1.1762421687490918,5.768423264902636,4.2823017727690145,6.5729889300066375,0.9179447297924984,0.8205785840315434,1.3016087768824816,3.2463429661502774,4.453336511626259,0.7094931423980435,0.8353054752714589,0.8909516000791314,1.84630821656195,1.1835755514384807,7.385922564369238,2.9222812268384954,6.501935232396389,0.7076999255105749,1.2774915226619583,1.0281051712355367,4.486017792167973,2.9085665931607227,2.786013904794047,4.062800347689181,0.8837333575043786,2.5036588704426004,3.5090926986263336,6.461094698984676,1.4034634917375834,1.5520921033161887,4.870706455986702,6.162882321375503,1.4873360384435386,0.7578800975076162,4.673315266721813,4.926081596398735,3.846781155572293,5.961207591031862,0.8531431275449626,1.1116264081051317,0.7310456351255702,0.6854317629474681,4.91988235295585,3.984321262115196,1.3509605069316888,0.9236891188776313,4.197732931576624,5.3546502364674184,1.2145630656541258,3.8858523700256318,0.7543100998048552,0.5429721775907275,5.272910600787252,0.9110300808491582,5.3359684593398935,1.1444303313326962,3.3011829714634393,1.7036602687594158,2.1087586266976093,2.7554640602847202,1.0768120237975245
Colombia,1.890385681640636,4.654191691001628,1.9266563516268203,0.7804458377148691,4.410296179473251,0.7436176769360713,1.7581393054435006,0.0,5.446605807385637,0.8849540810726163,0.7932619888190949,4.257969070420984,3.258507453390904,5.124841466585423,2.025840352275484,1.2016400417563222,2.5949949222837203,2.1223950883411367,4.074932111045265,1.7612168606694742,2.0437762482377027,1.5264390182041436,0.1385166508344186,0.8920405604990467,5.77611128702356,2.9744288038629945,4.935104145223274,1.3891199164672072,0.660284460968231,2.436475600233465,3.178969259699238,1.4913984292626512,1.929019723411951,3.4343122112328213,1.7356831784243576,1.8072873413662225,2.2155372371483018,4.9083578307681455,2.668248976125831,0.5967986217519287,3.3137713322071827,4.600130474528602,0.310001696944807,1.9525786382943995,3.4808007828091383,3.2528495249319516,2.903699316339595,4.542967242523008,1.5256456982777116,2.127637977870591,2.1161183183541588,1.9372489217007667,3.373984180920575,3.1858685370238855,0.5892787885566815,2.324892162717778,2.817230315927937,3.901745795956269,1.0172662822452212,3.021187928892314,1.2943814457772815,1.9664799367570696,3.6183078474003088,1.2348253606048119,3.9387776436163473,0.8631607932815013,2.5366548577957504,0.6133143364420598,0.5554453553806377,1.9891254270824643,0.8410193550127713
Denmark,4.473372266164785,1.97715089621759,7.313882859465286,4.994179421007984,2.5321863591381266,4.894494186124415,7.032495528072628,5.446605807385637,0.0,6.136810352984405,6.113648013718937,1.8215984082432997,4.325524845382943,2.5754593061258784,7.433524843503537,6.54644638327681,7.9263741482125605,4.395097829717467,6.507478900001863,7.080409792755782,7.190048571735846,6.946696867801357,5.340216395208865,6.101482945993461,0.7384840531006347,6.724585658175966,1.2854022599945512,6.762609324828989,6.008333313240963,7.783117459845221,3.5322648436553217,4.372206816036974,5.078506842166493,5.342206655884764,7.150330931172671,5.511998854091276,4.136800661032066,2.230738887277385,7.9859868475034705,5.681746689697521,3.113847054484915,2.8337075768486395,5.685671695136317,7.352176495881563,3.7733372015473345,2.759961485878456,4.706906485963401,3.001861711870755,6.9562435093914035,7.237096769745081,7.494605448251278,7.27694675971008,2.4680344547619684,4.658894368082943,5.967804065182575,7.735872463360662,3.6596877637959886,2.764935629874241,6.134870444906231,4.802305127855589,6.628897644349513,7.254599729398582,2.3428340781006844,6.629770926595453,2.8211137758296037,6.0878786256437225,5.018387395770015,5.540710493846507,5.016533032481373,5.3704647353161645,6.175683457534513
Egypt,2.2122867020974235,5.340032619472306,1.3015920758918116,1.5074637585928319,5.120866442255531,1.3887070090699198,1.1675072496810373,0.8849540810726163,6.136810352984405,0.0,0.6809504656160956,4.993107565692941,3.4266487754834905,5.662590807698081,1.3373976687607727,0.5364106394195081,2.1372430544773096,2.3583996035214496,4.467476413396041,0.9989466520620501,1.5827259287135198,0.9856226248734472,1.0063066124860904,0.11221691480509768,6.440854931586561,2.4648960454461317,5.697018929172495,0.6878804892630841,0.7441034018181448,1.9382731135258102,3.574889409826162,1.9634396601974176,1.9776032028054642,3.372193456012234,1.1758769615153635,2.132200412177345,2.5622534144938465,5.719314077431804,2.2286053354012565,0.6392021925504323,3.9952753252178685,5.241142628775875,0.7575798612321503,1.2845063119506235,3.970118804390111,4.065908427669662,3.005617355398757,5.032749311306183,0.9978047181160342,1.3516834986124113,1.5012169706201246,1.1976241960291627,4.021035358458015,3.423151910611206,0.7476022028461857,1.7025462150275816,3.288555626082492,4.532902364077119,0.2818698956243285,3.105806788912093,0.8463197081405419,1.4371738048273839,4.39879878156734,0.908794680578966,4.410353162256376,0.2861357752042399,2.5660193796160837,0.7817844473229205,1.2854596547223247,1.9127777780574275,0.39240048320263415
U.A.E (Emirati),2.4788829052664494,5.245728655251627,1.4021024025081563,1.5458374115243072,4.951446697509757,1.490801719742552,1.1762421687490918,0.7932619888190949,6.113648013718937,0.6809504656160956,0.0,4.831561046605855,3.685474952172703,5.615293673996055,1.4828428918511738,0.7801327182023384,2.025748366848668,2.580320328475791,4.121691296876289,1.2882203977017357,1.357986038655156,1.0756368281652111,0.8918122237915465,0.7081464852189137,6.431496227514822,2.9344409129909366,5.580658901877527,0.8835839606098185,0.6058427277768178,1.8510838812453123,3.6184441684587427,2.0551654526442587,2.2257183550143345,3.6695563902455643,1.2871277053681882,1.727080461480982,2.786394507266568,5.542231510919679,2.1021751962717956,0.7925025674996914,3.813542663355107,5.0932123236394125,0.6296064496183151,1.3970681993047387,3.7474530147909375,3.896679670712599,3.3391633929000464,5.222712992430305,1.0700940445378588,1.7342955136262526,1.5544377182260216,1.424964499009212,3.991657472879148,3.388160333864697,0.574900985455859,1.7316523468928144,3.2249328318434416,4.353670902269776,0.8576135964894652,3.347954673409376,0.6864932928294298,1.3807184326438855,4.244876791385589,0.6608988648919009,4.4082431498503984,0.739495799831066,2.823097322601435,0.9205162031189519,1.2100569308753453,2.2785054165452667,0.6377067561889864
Finland,3.750830077265923,2.0018057677987695,6.095243127639558,3.91295136011071,2.004808376746453,3.83708881628194,5.768423264902636,4.257969070420984,1.8215984082432997,4.993107565692941,4.831561046605855,0.0,3.9818395609359523,2.634711189847135,6.2429878704188795,5.351012469654529,6.625620703665273,3.602869023883202,5.1675177770685785,5.917719844665722,5.8864850817130385,5.742331483768639,4.145257974226486,4.954709531163865,2.212593300871246,5.961914168860015,1.2094846734402633,5.561566503582144,4.802521349523906,6.481444281408169,2.8672666365123805,3.3493556178672446,4.213830033115724,4.8011117758292885,5.973549306852623,4.210934357800583,3.4786297793122154,1.7962762691858614,6.677380442940581,4.529856643470411,2.121358679802104,2.505480056133765,4.478034548519401,6.123446208240938,2.411757911441116,1.795729055979918,4.262648332322697,3.4489076199279065,5.766243385366943,6.151194663279634,6.241574873059566,6.094618739914553,1.6244833534823628,3.7781275283230062,4.759400803198375,6.480009275430269,2.8040991016211274,2.012275338972516,5.01874117915761,4.177836467650564,5.376715789331642,5.973951201774425,1.4981116118667048,5.373997868410575,2.426427255303149,4.939268157942834,4.256065390785035,4.441728195188447,3.832731935786195,4.563184145440738,5.016147363208883
France,1.7221756786240352,4.000106434257542,4.55074363330055,3.2201767975077837,4.467873562951078,2.8680192125103576,4.2823017727690145,3.258507453390904,4.325524845382943,3.4266487754834905,3.685474952172703,3.9818395609359523,0.0,3.374555431534554,4.557454085214862,3.8363619943087115,5.456336749514592,1.2727629225194164,5.798700106223749,4.1976673651711405,4.461840851883907,4.289389283313841,3.2214179005381824,3.3692061550909727,4.433939766396548,2.760983940715611,4.571075558743532,3.9733465296581625,3.6859573220437842,5.242125189093065,1.5633912030645607,2.0593445302767157,1.570500539653738,1.2587674418257728,4.455863387185349,3.3548051589607826,1.2443563183956152,5.098793753053414,5.553862161044325,3.029157394821225,3.759429844303598,4.336541998949245,3.3735002586673817,4.56686222657309,3.2992987634209525,3.7916420747557473,0.7887612662247773,2.737147114366169,4.2957635248562775,3.955066052711161,4.815799205708909,4.352709848478111,2.7618002158184396,1.7897518268682668,3.675322252997848,4.973812287590421,1.9881040425249776,3.1140796566377267,3.253164361510785,1.1616861836740926,4.063458773351991,4.678018385545514,3.550220558752469,4.02298890759659,2.4463148638955374,3.374367956762316,1.2797562588719262,2.853219799262058,2.8885601386755315,1.8621548094222542,3.474499720418266
Germany,4.0552190846752545,2.552827272399412,6.8889078524559135,4.9300557511398555,3.186549897910393,4.634702209359249,6.5729889300066375,5.124841466585423,2.5754593061258784,5.662590807698081,5.615293673996055,2.634711189847135,3.374555431534554,0.0,6.927478381909412,6.109629005133339,7.588013155597069,3.7372501706209182,6.112482776945081,6.629484231505415,6.591179920458868,6.530773898559978,5.041929886493952,5.62129941602446,2.3534296911448127,5.818088180845104,3.0203506974633,6.268226799913319,5.6582432189792184,7.424600123473878,2.4721521167428278,3.924198957266898,4.2387060254790425,4.182861705626913,6.738923472918651,4.666600490330815,3.603313287294847,3.7082437146335816,7.659120617128091,5.168437045612718,3.1182333754001257,3.126037532235288,5.341720547443078,6.883769137785613,2.9070226355087243,3.256320107192394,3.9560942404393487,3.4822299100275624,6.5415544225198206,6.64265910260516,7.103941498686991,6.798723985002934,2.2451595542932945,3.4490755419159735,5.6123985421488065,7.290097223596353,2.5699953691995017,1.9858390658148537,5.602503537668598,3.863528117938445,6.138078525399978,6.861964480584796,2.906254646030393,6.138906073723352,2.023985623334209,5.661084796645816,4.102397167622795,5.042299268840093,4.701871018339819,4.661254684585534,5.729918149782563
Ghana,3.378415405388215,6.5634974745150725,0.3581273709529427,2.595881921856493,6.303557000702073,2.602953478962112,0.9179447297924984,2.025840352275484,7.433524843503537,1.3373976687607727,1.4828428918511738,6.2429878704188795,4.557454085214862,6.927478381909412,0.0,0.9219112341485165,1.2499647496514628,3.576019321607707,4.986113436455831,0.5122875236610361,1.3568502192896428,0.5734191117032159,2.1441992537730736,1.3821582177043636,7.738801540492305,2.864771507798033,6.9510827788361,0.7082163075240623,1.5791149510811056,1.0563124568252615,4.8013173402549505,3.2154458865438653,3.0697254785000956,4.288260244561749,0.531156999393605,2.9818213284248127,3.7777845079987595,6.896006589059551,1.3473190998632851,1.8226118480749318,5.200463601285162,6.406079447721699,1.8075792384485023,0.29742770428526155,5.110978668767267,5.250381434907057,4.06366731642707,6.174305309167279,0.591756306281251,0.9849908956943106,0.5807842385401064,0.40118105699870027,5.311516154731921,4.457797262659874,1.6037118647920805,0.53115708773753,4.51501830645147,5.7550935359076,1.4052408744852851,4.13198337844803,1.11009042847041,0.9957267620554702,5.587360782738577,1.0104274035297944,5.669469484705315,1.382549754615362,3.596522276638616,1.9701900862328925,2.4727229100400185,2.884656861289856,1.2878181139989255
India,2.5841478295272164,5.733698732087465,0.8036333474354189,1.8101116992302535,5.500306815865179,1.7818080537570162,0.8205785840315434,1.2016400417563222,6.54644638327681,0.5364106394195081,0.7801327182023384,5.351012469654529,3.8363619943087115,6.109629005133339,0.9219112341485165,0.0,1.7706932844276082,2.756621491711428,4.6160211171634,0.601809649794892,1.3995338991630155,0.5513725879016111,1.3172214263252755,0.5480228189143405,6.856749853913938,2.5717084062775806,6.079167204547494,0.26071966693160287,0.919658065314275,1.541988701910406,3.9770007081932057,2.3385685685042605,2.3421060241141047,3.6731869513970064,0.8467826518164988,2.413479443083298,2.9697454297396244,6.073337138836634,1.8657301289274684,0.9953702786740888,4.416800159088186,5.623263367266048,0.9928240519782928,0.8216619194527178,4.285580953857327,4.444742317125461,3.36841325111216,5.373396653619033,0.6466129705350931,1.0960535415744896,1.056273595108312,0.7651416512395809,4.439027782424005,3.735381588761393,0.9337381124347796,1.2416388343093867,3.7202020005935994,4.943481168899271,0.6374502627814159,3.412080596109256,0.7761137570862984,1.130195591281839,4.740869870133977,0.6348300657810533,4.8298670010187985,0.5012212259556055,2.884240045280692,1.1730707309651527,1.6106977228766317,2.204296090599721,0.49449830513368476
Indonesia,4.275960802762817,7.114285323371098,1.2536174304789478,3.102311297022742,6.6904560693990245,3.252921157085413,1.3016087768824816,2.5949949222837203,7.9263741482125605,2.1372430544773096,2.025748366848668,6.625620703665273,5.456336749514592,7.588013155597069,1.2499647496514628,1.7706932844276082,0.0,4.423492342291442,4.662271977549861,1.4759816897254334,1.3817533836568205,1.4194588708477276,2.685281748662403,2.2001473404963017,8.310564859995436,4.014639286651424,7.277234567642457,1.619868744060668,2.0064924943915554,0.3101734855326643,5.607706241918752,3.9851091137548136,3.982901764000926,5.304344145279088,1.1615364995470767,3.2832094925169493,4.620630011195931,7.090456925312759,0.1107099122556403,2.5846560455072067,5.534838509614997,6.87837367523902,2.3652327198001495,1.1892855821826886,5.649676746765753,5.588035369035274,5.020888180094891,6.990574033883411,1.3137489772102544,2.0215000833993346,0.8567225153343228,1.383373703149784,5.873216097522021,5.178711090917407,2.0591256773878905,0.8532588071766177,5.20786368573541,6.258306193521787,2.2864423208427027,5.120127230636017,1.4758072461660587,0.859084905210006,6.077015273902378,1.6520631365178386,6.372235395371351,2.191860073021992,4.54435265001913,2.717118511388974,3.054338252506216,3.922651099681732,2.06506314634475
Italy,0.8498808024710962,3.9065337142434453,3.516964500618034,2.1228375269427353,4.1230848759621574,1.762018429147688,3.2463429661502774,2.1223950883411367,4.395097829717467,2.3583996035214496,2.580320328475791,3.602869023883202,1.2727629225194164,3.7372501706209182,3.576019321607707,2.756621491711428,4.423492342291442,0.0,5.025363762878657,3.195611473644897,3.5149254491791777,3.2367092962579993,2.0811603016510585,2.2888507378235006,4.601915756790718,2.4040003010093276,4.336035126318511,2.9268243186171294,2.6055025300599466,4.200926601727366,1.534519042830697,0.871180921410834,0.7532947607566159,1.6330301257214683,3.4562096431956353,2.5660092351576624,0.5601142882049518,4.715092796301661,4.516984181469731,1.9224825663521445,3.2561446400139573,4.132390827648577,2.2449389317749886,3.5351592414778663,2.7666631236226142,3.243233912130311,1.0626951467055865,3.0618806807366146,3.2719037065518846,3.087432721532793,3.770694301994646,3.360564631147087,2.418210870801507,1.7683487782441452,2.5884198568616155,3.956763665365956,1.7462235678914777,3.0524382071001304,2.2094170859997004,1.1314788256910828,3.0273457437125093,3.6386564036460403,3.1454055847074542,2.9710924552902087,2.5486521580174024,2.2789928989275032,0.8359132043712367,1.7992452186053431,1.7315726867797143,1.0906297177960398,2.4097224375862694
Japan,5.1572121176738435,6.434848840108984,4.978957055467175,4.037964475797004,5.955407906783816,4.210099403126809,4.453336511626259,4.074932111045265,6.507478900001863,4.467476413396041,4.121691296876289,5.1675177770685785,5.798700106223749,6.112482776945081,4.986113436455831,4.6160211171634,4.662271977549861,5.025363762878657,0.0,4.930618270294642,4.298668259817013,4.676647314986913,4.0052188406894125,4.492306245833859,6.956703110388647,6.225434607668117,5.5181808663988114,4.61582031300865,3.9120621204914707,4.657467785811325,5.591280657228257,4.642218278530123,4.911797323543595,6.091186458454427,4.618246637302623,3.488810577663244,5.0568188238181895,5.026584110105685,4.66789856332325,4.203382038085251,4.700095456726314,6.487091227991343,4.039731577269098,4.859705553723659,5.229260939466781,4.429356139826871,5.7122263212980195,6.963230292994166,4.585152248464895,5.200689044577538,4.818726356850967,4.959538344139652,4.653044172679714,5.204373675416938,3.9406414226644606,4.979929046605609,5.058842148703811,5.283780948932417,4.539848608813952,5.897917911841192,4.109935261159534,4.392527824767788,5.376602928168787,4.383678128692063,6.111882390261067,4.503410160867617,5.348642308002155,4.296832248722523,4.009472458366007,5.373708619957395,4.391077229181582
Kenya,3.0395429521096324,6.275109222908261,0.48920834785612877,2.3278949051932907,6.035742020513317,2.3181097451839077,0.7094931423980435,1.7612168606694742,7.080409792755782,0.9989466520620501,1.2882203977017357,5.917719844665722,4.1976673651711405,6.629484231505415,0.5122875236610361,0.601809649794892,1.4759816897254334,3.195611473644897,4.930618270294642,0.0,1.327423087027249,0.5894708365294878,1.877648516573064,1.0258959512846653,7.3957997241061015,2.603841937876214,6.626752006399497,0.4629522347767086,1.3680211248262923,1.2380754983635536,4.466155457893018,2.871449339592916,2.7294207728294295,3.958013677787535,0.6525833157392532,2.8239182331003145,3.4218894933207933,6.617552317214019,1.5799153519698916,1.5290699786439303,4.938029682809634,6.137859806473447,1.5449967799795659,0.4693435103354021,4.817460465614145,4.999136355758451,3.7074985649124064,5.822599441779331,0.6257297873203037,0.7792262683991756,0.685983628906284,0.2473175479770833,4.98963696370164,4.14199491319168,1.4075100714157633,0.832726705019416,4.221947426612006,5.470969111968337,1.0426314092003846,3.7827662232410924,0.9703648763538066,0.9352587463906821,5.309941653134716,0.9637298322714125,5.324373362617986,1.013410636028739,3.2436058125775458,1.6697745954176706,2.174775221752682,2.548021917878024,0.9962432637651438
Korea,3.568982950807908,6.386088711530439,1.3897054236863988,2.724776539910582,6.0501182940762055,2.73863091997932,0.8353054752714589,2.0437762482377027,7.190048571735846,1.5827259287135198,1.357986038655156,5.8864850817130385,4.461840851883907,6.591179920458868,1.3568502192896428,1.3995338991630155,1.3817533836568205,3.5149254491791777,4.298668259817013,1.327423087027249,0.0,1.4255765653212078,2.1228229237258076,1.620725201810297,7.548898134877971,3.292573712111873,6.626022929253223,1.2711252193736107,1.540023734998847,1.2230806728065935,4.6093280681941735,3.2025801343787483,3.0244597273099068,4.302663768914723,1.3047054424457316,2.1711226561110752,3.7913650723358794,6.559970324717523,1.4590406117923038,1.895427782377656,4.84022040238256,6.154293370264413,1.8001862645031932,1.317992184300209,4.680429735523713,5.015867886351877,4.140005320080614,6.296353652837659,1.2934324243768607,1.6388599264107229,1.2452845951607612,1.3025337454105532,5.1002512113867455,3.9660102795294705,1.607998609946007,1.3162614121768672,4.190684971586024,5.27077278955357,1.652617473194519,4.165774423213382,0.8902768065289355,0.8322168268243537,5.398251901263844,1.184834000345782,5.402322916808391,1.6412768934558475,3.571976200752691,1.9604336254901529,2.3831137520798635,3.1268123967641395,1.5073853154046697
Kuwait,2.9875710639202957,6.0952228522677645,0.47731435881904005,2.0669836474353778,5.83066827143465,2.1099190206211293,0.8909516000791314,1.5264390182041436,6.946696867801357,0.9856226248734472,1.0756368281652111,5.742331483768639,4.289389283313841,6.530773898559978,0.5734191117032159,0.5513725879016111,1.4194588708477276,3.2367092962579993,4.676647314986913,0.5894708365294878,1.4255765653212078,0.0,1.6394696835899383,1.0334386779517344,7.26054522999105,2.886369047386644,6.438498594727384,0.4379506353972745,1.1192704765244792,1.2279034365581087,4.442018625608743,2.7830034838152318,2.7944189997849724,4.112933219692738,0.45456212821531927,2.692338091069755,3.4027740717555726,6.366769764413906,1.5092549788654148,1.4025328372829253,4.750739709528972,5.971563288900406,1.3131954923919003,0.5167043813731346,4.72513833022574,4.732456108137734,3.795911546569072,5.754284107624465,0.26750856598983697,1.1794370596615806,0.7730546432687717,0.6411080318011307,4.838898957882615,4.194511774520013,1.1262432876287152,0.8853790016271729,4.148937738232906,5.342125776549867,1.1095872200904253,3.871841081712019,0.8747822849444246,1.0316868225905964,5.0771805180737015,0.6315370989110789,5.292088350719611,0.9956499372720016,3.3463112304615796,1.5713426012924796,1.9826460178491236,2.6272689967857885,0.8751616283068636
Mexico,1.854268029210839,4.57247059827213,2.0391910278586054,0.6995772355762355,4.33170948693725,0.6927148322811597,1.84630821656195,0.1385166508344186,5.340216395208865,1.0063066124860904,0.8918122237915465,4.145257974226486,3.2214179005381824,5.041929886493952,2.1441992537730736,1.3172214263252755,2.685281748662403,2.0811603016510585,4.0052188406894125,1.877648516573064,2.1228229237258076,1.6394696835899383,0.0,1.0083900751475205,5.6768605017825635,3.038367490830738,4.818403620567867,1.5046666564412812,0.7354618874818999,2.527996413202741,3.122376075816417,1.4309604203145758,1.9174422080515807,3.42619683920044,1.844226619656353,1.7778572113035644,2.1604089531391146,4.787938496398293,2.757152289721176,0.6600816556099646,3.2365723610380472,4.535425420569785,0.37496724235478374,2.0659268606874504,3.417435322274199,3.144854863168594,2.87640404644112,4.466318776211387,1.6366097356130995,2.229357335192613,2.2215116805027293,2.0494780176095184,3.270462759889523,3.1343482303032175,0.6724419002301696,2.4327973078421152,2.759378712199476,3.814704682458319,1.1231382476978256,2.999249030354103,1.3917895380109824,2.056377095973734,3.5152267640759507,1.3326356588840516,3.875932993177278,0.9687008057761871,2.5184346755791003,0.6590659846595357,0.4477962958425343,2.0050350493941185,0.9455762171869341
Morocco,2.1575338627418987,5.31521429687387,1.3318766058300575,1.5116347506720007,5.109788586204272,1.3780872032568845,1.1835755514384807,0.8920405604990467,6.101482945993461,0.11221691480509768,0.7081464852189137,4.954709531163865,3.3692061550909727,5.62129941602446,1.3821582177043636,0.5480228189143405,2.2001473404963017,2.2888507378235006,4.492306245833859,1.0258959512846653,1.620725201810297,1.0334386779517344,1.0083900751475205,0.0,6.40196097741393,2.4001867876577054,5.672282533753295,0.7148128953886769,0.80637051968778,1.9906236167175912,3.5138991340446464,1.9015349630856213,1.9095730078765158,3.294751983088921,1.2469105769288573,2.1410409864349544,2.506772232066237,5.709397498212419,2.292664905356115,0.6020020302379164,3.994749977028844,5.226305279853866,0.7658458605443387,1.3183720708584563,3.9131452786004854,4.0622935055133125,2.9428139855155258,4.9803486288716705,1.06495692454988,1.3407704737059016,1.5412271757397797,1.2201933470195567,3.9806424562015894,3.356908049616858,0.8096002693457275,1.7427514481293265,3.2506834561049023,4.5055020439692655,0.22375839827753782,3.0229344726597485,0.9154156775738801,1.4845832886484138,4.3715181158630925,0.9472412796833131,4.36106269704728,0.2291088487863153,2.4854161744574155,0.7627608437881847,1.2573974126867697,1.8377930491769954,0.40813083096727126
Netherlands,4.672227134394471,1.9512757760848805,7.628924844823536,5.349186736126373,2.7062582934603014,5.19765417954833,7.385922564369238,5.77611128702356,0.7384840531006347,6.440854931586561,6.431496227514822,2.212593300871246,4.433939766396548,2.3534296911448127,7.738801540492305,6.856749853913938,8.310564859995436,4.601915756790718,6.956703110388647,7.3957997241061015,7.548898134877971,7.26054522999105,5.6768605017825635,6.40196097741393,0.0,6.862568935770682,1.876693896591233,7.069820674660743,6.364556883910542,8.15981762178442,3.5785151895237517,4.616037404912525,5.281962085718359,5.403980380314438,7.485609384336416,5.835565962686149,4.342142060127437,2.7729443897650166,8.37329806949509,5.979136395381581,3.412210755639362,2.8760000453784387,6.024750017075347,7.666884965205715,3.87765143936613,3.145906099371644,4.845026032277294,3.022151037307128,7.283811325073164,7.524439402700464,7.839373608732598,7.592105930231265,2.7031426616702667,4.825557491506597,6.3155761239383486,8.068168512866691,3.782677666222982,2.9274055591991983,6.427297834421246,4.880164370558816,6.974991570040509,7.630381185392189,2.602072160156341,6.946687218693937,2.8151340132364657,6.397986420116497,5.172203336941388,5.84392043456394,5.3494212197137845,5.544734349151812,6.49227218381229
Nigeria,2.4518158381855835,6.061336800409668,2.917679041369342,3.3177997383776066,6.265753072058074,3.0110288537720837,2.9222812268384954,2.9744288038629945,6.724585658175966,2.4648960454461317,2.9344409129909366,5.961914168860015,2.760983940715611,5.818088180845104,2.864771507798033,2.5717084062775806,4.014639286651424,2.4040003010093276,6.225434607668117,2.603841937876214,3.292573712111873,2.886369047386644,3.038367490830738,2.4001867876577054,6.862568935770682,0.0,6.718833321625634,2.5900054252111926,3.0781131415999505,3.7638989971180297,3.5583601037020554,2.7443339131425275,1.8711798161363862,1.9770586312906333,3.052277513339048,3.627838254529657,2.667336253369977,7.038631915801156,4.1232115066731065,2.456520007081736,5.3630637101011,6.155456590408103,2.906180657206847,2.9280309869196874,4.656717259320653,5.434916952899944,2.2182508053538985,4.777606713501369,2.9608842398619886,2.029863556805249,3.2372950790596544,2.6605545299841524,4.739374893781127,3.206426883798514,3.0857338093909727,3.2754481495212344,3.7585429948651377,5.233244047356985,2.2103270502879235,2.185247894204158,3.0589118091793708,3.3779706818812594,5.354692674527141,2.8986605085870267,4.6092104422005935,2.3998962636848282,1.8762582422229843,2.4572903749224846,2.9688551989662715,1.4599733904070966,2.512769040885949
Norway,4.38930346912137,2.2096211149393468,6.8188197220187545,4.465702927495423,2.2156960686554474,4.4531386113803535,6.501935232396389,4.935104145223274,1.2854022599945512,5.697018929172495,5.580658901877527,1.2094846734402633,4.571075558743532,3.0203506974633,6.9510827788361,6.079167204547494,7.277234567642457,4.336035126318511,5.5181808663988114,6.626752006399497,6.626022929253223,6.438498594727384,4.818403620567867,5.672282533753295,1.876693896591233,6.718833321625634,0.0,6.288983174117689,5.444226571528293,7.160339135932301,3.7004095532077277,4.121327625666446,4.960272821714656,5.547794748212749,6.621919560411809,4.957309056123116,4.105357981437406,1.0194723987316539,7.324352645387783,5.249256017224625,2.5399573710170134,2.831075814925776,5.164838964382937,6.846264982957274,3.5513273753350196,2.00294983646824,4.862179300658098,3.6322521296003996,6.435696630202017,6.87794347200661,6.945889825151254,6.8143378044034515,2.2196041122978363,4.648473901181584,5.406226748388114,7.196436189744441,3.59932642019986,2.6640674159453703,5.735930118166295,4.970507290019612,6.069596971289157,6.663344167315145,2.027250944396639,6.106960554776209,3.156191109662232,5.655605371033654,5.033200072036968,5.136256717976365,4.533837626635607,5.30056475249126,5.717505403932372
Pakistan,2.768639705626054,5.9441663602483805,0.6554359458090249,2.0023860910382982,5.707061212433898,1.9738457545939816,0.7076999255105749,1.3891199164672072,6.762609324828989,0.6878804892630841,0.8835839606098185,5.561566503582144,3.9733465296581625,6.268226799913319,0.7082163075240623,0.26071966693160287,1.619868744060668,2.9268243186171294,4.61582031300865,0.4629522347767086,1.2711252193736107,0.4379506353972745,1.5046666564412812,0.7148128953886769,7.069820674660743,2.5900054252111926,6.288983174117689,0.0,1.0235723788729065,1.3905070738589067,4.15139039007421,2.5388044889939105,2.464884706596763,3.769511394669701,0.6831526115507348,2.462456613853552,3.143219855166002,6.269638241309766,1.7183651454694362,1.14662357977589,4.59757993533525,5.825849832637976,1.166975321225777,0.627622381597022,4.461692722403506,4.635676794240395,3.5033482769851028,5.579692099029073,0.514683793228518,0.9661650173098749,0.9017643956371139,0.5818727507862483,4.62638776542983,3.852416039294551,1.046266239883399,1.054363700715629,3.8796314910158056,5.114811429190486,0.7590357189446463,3.553612521870743,0.7173539082323681,1.0110060018280627,4.953927778830403,0.6046650113502496,5.022193264823729,0.7036898180208899,3.0086131636351507,1.3258671369395303,1.8030837358122693,2.336484264109249,0.6376203977945907
Peru,2.423058609426099,5.254800547326017,1.5197089032571696,1.2189326274811796,4.957430222661462,1.3061280965079796,1.2774915226619583,0.660284460968231,6.008333313240963,0.7441034018181448,0.6058427277768178,4.802521349523906,3.6859573220437842,5.6582432189792184,1.5791149510811056,0.919658065314275,2.0064924943915554,2.6055025300599466,3.9120621204914707,1.3680211248262923,1.540023734998847,1.1192704765244792,0.7354618874818999,0.80637051968778,6.364556883910542,3.0781131415999505,5.444226571528293,1.0235723788729065,0.0,1.8651905393511348,3.7470613083011166,2.085885664495519,2.287626117199258,3.7820979257741674,1.2041323333042504,1.8646388047216331,2.724706164322126,5.353299331869206,2.080615048657238,0.7978335709388481,3.788433061112486,5.160473602100268,0.46624617048178124,1.5090661897280815,4.010565662698391,3.7493351500128873,3.306206256939723,5.114239008983171,1.0382827885183115,1.8147878379157412,1.616009545912431,1.5174637868818486,3.9202918520235004,3.5620068547890646,0.12513010552781403,1.828275257167805,3.348147623239867,4.417555771976007,0.9322435982965033,3.4728671307204424,0.7435162916557059,1.402022014323552,4.2114548632582505,0.8650022361788766,4.52146485032947,0.7878312288097182,2.9158832830728096,0.8810046790140752,1.110076246166171,2.3510176711261725,0.6300549465914383
Philippines,4.072862590541922,6.990249190621872,1.0228910201020875,2.9664979786258536,6.59915858300848,3.0992542071249276,1.0281051712355367,2.436475600233465,7.783117459845221,1.9382731135258102,1.8510838812453123,6.481444281408169,5.242125189093065,7.424600123473878,1.0563124568252615,1.541988701910406,0.3101734855326643,4.200926601727366,4.657467785811325,1.2380754983635536,1.2230806728065935,1.2279034365581087,2.527996413202741,1.9906236167175912,8.15981762178442,3.7638989971180297,7.160339135932301,1.3905070738589067,1.8651905393511348,0.0,5.403321159430529,3.7804791844946104,3.7550918272645264,5.053892435304371,1.0149939229413072,3.1658174569097337,4.416185719333782,7.008177413382791,0.40811518928455576,2.384574065376573,5.45149692114697,6.77644315889024,2.1931849985391416,0.954744196830066,5.466564014797011,5.499396322705088,4.796073128431337,6.797417204193428,1.1477954370861614,1.7711530153122186,0.6005140570164057,1.1319680688778084,5.7121315460673845,4.95483852744043,1.9216977320363027,0.6320348670717791,5.040220843919958,6.121140275380115,2.0684145868289106,4.870705410231051,1.3158233767908298,0.639878391203877,5.945953478648933,1.4657337028890363,6.1925951129348045,1.971819156019892,4.297419224278183,2.5298129641389893,2.877653201898529,3.6850544097156845,1.8601721814583219
Poland,1.939625383977981,2.850634096288797,4.735170577045611,3.1529744113385916,3.2881075586635773,2.776128340213316,4.486017792167973,3.178969259699238,3.5322648436553217,3.574889409826162,3.6184441684587427,2.8672666365123805,1.5633912030645607,2.4721521167428278,4.8013173402549505,3.9770007081932057,5.607706241918752,1.534519042830697,5.591280657228257,4.466155457893018,4.6093280681941735,4.442018625608743,3.122376075816417,3.5138991340446464,3.5785151895237517,3.5583601037020554,3.7004095532077277,4.15139039007421,3.7470613083011166,5.403321159430529,0.0,1.810862254310493,2.0594814876441454,2.2024279963442406,4.69644407279479,3.1250316121440536,1.5764382603682754,4.275709043202439,5.691656005654291,3.1245262170403736,2.77173470023974,3.131509020517649,3.3661941919035447,4.763082938170877,1.869977484348406,2.956228337207038,1.9656572060500699,2.7098637607301375,4.483780336936802,4.428090255558623,5.004133181834456,4.634966594267909,1.9370761702710515,1.6807269596589933,3.7029258753950014,5.176009786894486,0.9442825747917556,1.9843759894654907,3.479186918145754,1.640878599401205,4.170269268285185,4.846025147606668,2.4725024927018544,4.084695593153958,1.2033951023900262,3.5323562124134793,1.9064218594110838,2.9848078554254007,2.7686663470848396,2.3774307686388707,3.640393203840778
Portugal,0.8093842778627338,3.7030106433546113,3.113819819838668,1.4477109598368656,3.7612338671702674,1.0928713129166172,2.9085665931607227,1.4913984292626512,4.372206816036974,1.9634396601974176,2.0551654526442587,3.3493556178672446,2.0593445302767157,3.924198957266898,3.2154458865438653,2.3385685685042605,3.9851091137548136,0.871180921410834,4.642218278530123,2.871449339592916,3.2025801343787483,2.7830034838152318,1.4309604203145758,1.9015349630856213,4.616037404912525,2.7443339131425275,4.121327625666446,2.5388044889939105,2.085885664495519,3.7804791844946104,1.810862254310493,0.0,1.1554302990634524,2.381123222964457,3.049460609318664,2.2442736748565344,0.9587987691778707,4.364738149342111,4.068713512856899,1.4678294461930173,2.8707046012626503,3.8638207381485508,1.6711111648803179,3.1486923990084774,2.5637880462252767,2.769583198644629,1.8026780226280703,3.276117562729092,2.835845671958634,2.942363279229644,3.374384327154788,3.0446464760175203,2.2945561458594304,2.1930961901665724,2.041628679936247,3.570142605427473,1.77100367744503,2.982532857881735,1.8950233663726288,1.784201728051868,2.60934515459311,3.2566037344418324,2.7608750532382516,2.490562135485408,2.6992313204822844,1.8755879089027545,1.5039005390925972,1.3797618526897797,1.0667509374187665,1.331142552780344,1.9869226475872148
Romania,1.1116485565179548,4.502267171825314,3.052756860341905,2.1177967709516414,4.669778104871446,1.7551286226842315,2.786013904794047,1.929019723411951,5.078506842166493,1.9776032028054642,2.2257183550143345,4.213830033115724,1.570500539653738,4.2387060254790425,3.0697254785000956,2.3421060241141047,3.982901764000926,0.7532947607566159,4.911797323543595,2.7294207728294295,3.0244597273099068,2.7944189997849724,1.9174422080515807,1.9095730078765158,5.281962085718359,1.8711798161363862,4.960272821714656,2.464884706596763,2.287626117199258,3.7550918272645264,2.0594814876441454,1.1554302990634524,0.0,1.5282247219289486,2.9910739946105394,2.295448403312685,1.0660994431394513,5.257973823994298,4.081689719385715,1.5580192862357045,3.6960060899920277,4.660829531120296,1.9749199930733423,3.0585613195502623,3.1674160767538613,3.702702885332276,1.2060082618734094,3.6444141362565574,2.820096441470594,2.516266980200597,3.321935413889432,2.8662608176540254,2.9986644364214468,1.8237220324363699,2.279626939736021,3.4700338491329514,2.1165514225014865,3.507302394175112,1.7785020433143428,1.2857244602188616,2.604416376704255,3.212621070354068,3.690402164041871,2.5203073822376587,3.139176283231571,1.9048560065882876,0.6813979387506359,1.4477177554884553,1.6382352799815134,0.7035493553077414,1.9959176607407043
Russia,2.089566745248304,4.947965021264102,4.2893152525642035,3.565391863409731,5.390893578175205,3.191870218784963,4.062800347689181,3.4343122112328213,5.342206655884764,3.372193456012234,3.6695563902455643,4.8011117758292885,1.2587674418257728,4.182861705626913,4.288260244561749,3.6731869513970064,5.304344145279088,1.6330301257214683,6.091186458454427,3.958013677787535,4.302663768914723,4.112933219692738,3.42619683920044,3.294751983088921,5.403980380314438,1.9770586312906333,5.547794748212749,3.769511394669701,3.7820979257741674,5.053892435304371,2.2024279963442406,2.381123222964457,1.5282247219289486,0.0,4.315959010684648,3.5904421703555567,1.8544349296175824,6.0523067191234174,5.409296822130938,3.030406608017007,4.643330875428335,5.240725331793748,3.4728552282620457,4.295276331144337,3.6714839263924346,4.684087840906224,1.1044900241909967,3.5289553826035847,4.1644308581014045,3.54790815097456,4.582303352984295,4.063330550116648,3.5655343319172803,1.9200313563544291,3.777264943371503,4.693151421082552,2.708261892270769,4.005031127488296,3.1368847255482577,0.8143699336851963,4.009348956124571,4.533468335833103,4.399986223782055,3.895123198546187,3.2736027112948256,3.2921340612433303,0.945035235601501,2.9476060710608225,3.1273040407888617,1.6191322888438104,3.407801653867024
Saudi Arabia,3.226231658698001,6.3310529764256955,0.6175489233323823,2.2444324687416963,6.041630878423687,2.319056392325641,0.8837333575043786,1.7356831784243576,7.150330931172671,1.1758769615153635,1.2871277053681882,5.973549306852623,4.455863387185349,6.738923472918651,0.531156999393605,0.8467826518164988,1.1615364995470767,3.4562096431956353,4.618246637302623,0.6525833157392532,1.3047054424457316,0.45456212821531927,1.844226619656353,1.2469105769288573,7.485609384336416,3.052277513339048,6.621919560411809,0.6831526115507348,1.2041323333042504,1.0149939229413072,4.69644407279479,3.049460609318664,2.9910739946105394,4.315959010684648,0.0,2.7593858017420922,3.609161531277468,6.520204865278843,1.255031280987653,1.6237321812005556,4.909126295430942,6.191685427627619,1.5142839079306698,0.5768528755874378,5.014287964527405,4.903677736752015,3.975635724690979,5.989420227677734,0.26200304554540893,1.2159851902685255,0.6817546664559408,0.6676059083696617,5.054445976276031,4.391300783183468,1.240427649990928,0.78355993735001,4.360769088430125,5.533241580392623,1.2990176871922674,4.12756330797289,0.844757990180463,0.860576387448251,5.321621460239102,0.8535922566656192,5.532607980933534,1.2336429733890535,3.5670344578468334,1.7517760415735444,2.2028486931840923,2.866702914911235,1.0819139079332605
Singapore,2.7888620945130262,4.711555400281279,2.9830116180842725,2.2703468333670567,4.436924440890008,2.1378334282708664,2.5036588704426004,1.8072873413662225,5.511998854091276,2.132200412177345,1.727080461480982,4.210934357800583,3.3548051589607826,4.666600490330815,2.9818213284248127,2.413479443083298,3.2832094925169493,2.5660092351576624,3.488810577663244,2.8239182331003145,2.1711226561110752,2.692338091069755,1.7778572113035644,2.1410409864349544,5.835565962686149,3.627838254529657,4.957309056123116,2.462456613853552,1.8646388047216331,3.1658174569097337,3.1250316121440536,2.2442736748565344,2.295448403312685,3.5904421703555567,2.7593858017420922,0.0,2.752910688147259,4.936537381020257,3.34288321253957,1.8305483080346787,3.175100935653614,4.544497467570126,1.804857888223484,2.950258796698025,3.1056619103490095,3.403852954838603,3.333778726932195,5.108935555676247,2.603119933725079,3.0107844981066463,3.059137419103548,2.9251495241796603,3.4608926312135284,2.5775973016204743,1.860435521259557,3.193588922278899,2.4729793915159286,3.317809913102503,2.164833624037008,3.338755622312414,2.0143018536505846,2.671373315485301,3.787958820847597,2.1372275329688217,3.797809995434244,2.1888709431938054,2.8364381178895774,1.7258683778476474,1.7426129419978267,2.7729854125164985,2.0814834622940874
Spain,0.6213041871905435,3.6810268616854573,3.7245329274121097,2.049354917265639,3.9596966290708644,1.7250813570933734,3.5090926986263336,2.2155372371483018,4.136800661032066,2.5622534144938465,2.786394507266568,3.4786297793122154,1.2443563183956152,3.603313287294847,3.7777845079987595,2.9697454297396244,4.620630011195931,0.5601142882049518,5.0568188238181895,3.4218894933207933,3.7913650723358794,3.4027740717555726,2.1604089531391146,2.506772232066237,4.342142060127437,2.667336253369977,4.105357981437406,3.143219855166002,2.724706164322126,4.416185719333782,1.5764382603682754,0.9587987691778707,1.0660994431394513,1.8544349296175824,3.609161531277468,2.752910688147259,0.0,4.464116891099492,4.711481656938032,2.0907238756143585,3.1532887405101335,3.998659138315698,2.367383264573249,3.7535962951453175,2.962242768946674,2.987624528542772,0.9984367826133475,2.681050455914896,3.4272990621526724,3.3337755084725655,3.9943279139622185,3.591678892909296,2.2233385365382317,2.0419108026500745,2.6987229928450187,4.178188081506994,1.7712317684465309,2.9710248158717762,2.4356745932764565,1.3514555931340433,3.2371336917662012,3.878023105161639,2.9012318838274322,3.1507270002761367,2.5281086099276804,2.484531017182703,1.1772202753109506,1.9414526259395677,1.8063152092861017,1.2954685876900784,2.5831928049467945
Sweden,4.680743429676726,2.788100854428654,6.766123038249608,4.401892788776706,2.494691940035541,4.4750369719216465,6.461094698984676,4.9083578307681455,2.230738887277385,5.719314077431804,5.542231510919679,1.7962762691858614,5.098793753053414,3.7082437146335816,6.896006589059551,6.073337138836634,7.090456925312759,4.715092796301661,5.026584110105685,6.617552317214019,6.559970324717523,6.366769764413906,4.787938496398293,5.709397498212419,2.7729443897650166,7.038631915801156,1.0194723987316539,6.269638241309766,5.353299331869206,7.008177413382791,4.275709043202439,4.364738149342111,5.257973823994298,6.0523067191234174,6.520204865278843,4.936537381020257,4.464116891099492,0.0,7.125357822480787,5.286409303935056,2.627059350726264,3.252782693091099,5.1284421514470555,6.787771696212349,3.9998484350901964,1.8767167532363485,5.307611380377526,4.278796701885678,6.348238656359293,6.937504009316768,6.858734001750804,6.795258498319009,2.6404041164511685,5.10228147245216,5.314649417359879,7.106049462903256,4.016716271593116,3.1355603281148783,5.793408025444266,5.475643981820016,5.990635912598643,6.561620394588057,2.3476159678248973,6.042127354542,3.871475948169868,5.689715999217591,5.43748906318955,5.191414424576975,4.5594169337595805,5.602237077515446,5.715764929609629
Thailand,4.366203741138316,7.169129671783149,1.3487391857205395,3.168048163436214,6.731391146399641,3.325903368614818,1.4034634917375834,2.668248976125831,7.9859868475034705,2.2286053354012565,2.1021751962717956,6.677380442940581,5.553862161044325,7.659120617128091,1.3473190998632851,1.8657301289274684,0.1107099122556403,4.516984181469731,4.66789856332325,1.5799153519698916,1.4590406117923038,1.5092549788654148,2.757152289721176,2.292664905356115,8.37329806949509,4.1232115066731065,7.324352645387783,1.7183651454694362,2.080615048657238,0.40811518928455576,5.691656005654291,4.068713512856899,4.081689719385715,5.409296822130938,1.255031280987653,3.34288321253957,4.711481656938032,7.125357822480787,0.0,2.6730390308826713,5.57713584799134,6.9250293845384965,2.4426542644390494,1.286990364372642,5.7112941828255135,5.631424012300377,5.121712516058606,7.074232612211981,1.4050835419955086,2.1307181700155997,0.9558089853340882,1.4892996536636118,5.939465401947532,5.268033881642441,2.131418636947574,0.9468128040932717,5.28273936690661,6.31916984964106,2.3835510943530607,5.220594979335934,1.5591228012319667,0.9520665776773095,6.131079001714645,1.7365914462269643,6.446752878980558,2.28570517011405,4.645743171710072,2.805268280513777,3.1300388518211584,4.0243098299815045,2.1579387637011687
Turkey,1.7801654260283537,4.940968012066854,1.7651102273914527,1.168240876870688,4.789045882316843,0.9944751653919788,1.5520921033161887,0.5967986217519287,5.681746689697521,0.6392021925504323,0.7925025674996914,4.529856643470411,3.029157394821225,5.168437045612718,1.8226118480749318,0.9953702786740888,2.5846560455072067,1.9224825663521445,4.203382038085251,1.5290699786439303,1.895427782377656,1.4025328372829253,0.6600816556099646,0.6020020302379164,5.979136395381581,2.456520007081736,5.249256017224625,1.14662357977589,0.7978335709388481,2.384574065376573,3.1245262170403736,1.4678294461930173,1.5580192862357045,3.030406608017007,1.6237321812005556,1.8305483080346787,2.0907238756143585,5.286409303935056,2.6730390308826713,0.0,3.6746509007831887,4.929321918670268,0.5186344430832304,1.763601302128597,3.5799085007777425,3.6391061789520873,2.617298336964031,4.584886470901639,1.423695060519058,1.7095450230432538,1.9930481302179952,1.6844552603601064,3.5131026037210713,2.968713804447996,0.7745993410758212,2.1764020734465976,2.854014838048974,4.08103402784379,0.6045820255094504,2.7124325727687792,1.2149746180776662,1.883648180307635,3.9351838779411663,1.1286862797194765,4.015586909311973,0.5768615864352057,2.1651882994167844,0.35175724035017236,0.7739497660802772,1.600477110332848,0.5890003244191845
UK,3.294332609331088,2.1351213344302997,5.127752995752387,3.108635390197661,1.4974060020510505,2.9634510938737395,4.870706455986702,3.3137713322071827,3.113847054484915,3.9952753252178685,3.813542663355107,2.121358679802104,3.759429844303598,3.1182333754001257,5.200463601285162,4.416800159088186,5.534838509614997,3.2561446400139573,4.700095456726314,4.938029682809634,4.84022040238256,4.750739709528972,3.2365723610380472,3.994749977028844,3.412210755639362,5.3630637101011,2.5399573710170134,4.59757993533525,3.788433061112486,5.45149692114697,2.77173470023974,2.8707046012626503,3.6960060899920277,4.643330875428335,4.909126295430942,3.175100935653614,3.1532887405101335,2.627059350726264,5.57713584799134,3.6746509007831887,0.0,1.907552444646991,3.5815221620315096,5.136809425871704,2.4437631095918917,1.298828738826921,4.032508528457637,4.082584129209927,4.724052153951058,5.292508491920996,5.2487507046968505,5.14023936186171,2.0822377052967247,3.713245966570133,3.7308220309966544,5.471674560247025,2.1411058244343195,1.8159263746081638,4.089223598646195,4.093980643810543,4.292029997232239,4.959100124578646,1.8672410581820984,4.399594004028699,2.415567335391811,4.05223427581935,4.007373058614958,3.5388825216386586,3.094094231367457,4.046292431305425,4.096195023377919
United States,4.118658730304,1.0748327023657338,6.304859985064378,4.419958571711587,0.8631550175629039,4.2302392192455285,6.162882321375503,4.600130474528602,2.8337075768486395,5.241142628775875,5.0932123236394125,2.505480056133765,4.336541998949245,3.126037532235288,6.406079447721699,5.623263367266048,6.87837367523902,4.132390827648577,6.487091227991343,6.137859806473447,6.154293370264413,5.971563288900406,4.535425420569785,5.226305279853866,2.8760000453784387,6.155456590408103,2.831075814925776,5.825849832637976,5.160473602100268,6.77644315889024,3.131509020517649,3.8638207381485508,4.660829531120296,5.240725331793748,6.191685427627619,4.544497467570126,3.998659138315698,3.252782693091099,6.9250293845384965,4.929321918670268,1.907552444646991,0.0,4.872270128258698,6.36627653537219,2.8339900145021395,2.474693849409474,4.712861340729694,3.9170669683013197,5.977748332632067,6.441091489399102,6.512128125184113,6.345480834828378,3.0186336904905104,4.356477247496306,5.088672052945819,6.706510119466502,2.8024946035867435,2.0467269076717134,5.312105277675558,4.617502081553914,5.649246140345568,6.30787254433094,1.9643327736290168,5.617296159975309,2.234688814657279,5.262838074354386,4.80060744968871,4.7532532070410545,4.355984093841442,4.883061175280398,5.327778672065737
Venezuela,2.049641450116151,4.925692341206091,1.7007909596693012,0.9739403303917253,4.686725772924364,1.0014320901027187,1.4873360384435386,0.310001696944807,5.685671695136317,0.7575798612321503,0.6296064496183151,4.478034548519401,3.3735002586673817,5.341720547443078,1.8075792384485023,0.9928240519782928,2.3652327198001495,2.2449389317749886,4.039731577269098,1.5449967799795659,1.8001862645031932,1.3131954923919003,0.37496724235478374,0.7658458605443387,6.024750017075347,2.906180657206847,5.164838964382937,1.166975321225777,0.46624617048178124,2.1931849985391416,3.3661941919035447,1.6711111648803179,1.9749199930733423,3.4728552282620457,1.5142839079306698,1.804857888223484,2.367383264573249,5.1284421514470555,2.4426542644390494,0.5186344430832304,3.5815221620315096,4.872270128258698,0.0,1.7258883441095063,3.659624734765364,3.506684208238028,2.9887983055577316,4.728351086873022,1.3046269885685895,1.9026729098636919,1.8803990094893277,1.7028265298927046,3.598630165751192,3.2335523178250662,0.42526606232685493,2.0856508616899374,3.0229864445583097,4.114745881338233,0.8830259294070708,3.099517271101267,1.0763609566160917,1.7224025037087625,3.8619736641407094,0.9925333937444996,4.1636668589395445,0.6933173524917375,2.5794901625621383,0.5960683031827334,0.7032366036059521,2.0276405456701094,0.6134921617565934
Zimbabwe,3.3601003631541864,6.516945805460586,0.2536613831863164,2.5198158683394696,6.239834353105143,2.543940403002496,0.7578800975076162,1.9525786382943995,7.352176495881563,1.2845063119506235,1.3970681993047387,6.123446208240938,4.56686222657309,6.883769137785613,0.29742770428526155,0.8216619194527178,1.1892855821826886,3.5351592414778663,4.859705553723659,0.4693435103354021,1.317992184300209,0.5167043813731346,2.0659268606874504,1.3183720708584563,7.666884965205715,2.9280309869196874,6.846264982957274,0.627622381597022,1.5090661897280815,0.954744196830066,4.763082938170877,3.1486923990084774,3.0585613195502623,4.295276331144337,0.5768528755874378,2.950258796698025,3.7535962951453175,6.787771696212349,1.286990364372642,1.763601302128597,5.136809425871704,6.36627653537219,1.7258883441095063,0.0,5.004645934390696,5.176201475491229,4.073000966163181,6.150429817393759,0.5992317183895656,1.0396865471601586,0.4056338368135635,0.352349378570803,5.221500834394284,4.4242756593056844,1.5381829682237766,0.4700398716419518,4.49099790718406,5.712246419199438,1.3623135739605825,4.113028799962373,1.0414690267196587,0.8540421631008602,5.517765563920987,0.9686555435718849,5.626178119766707,1.3064786369156232,3.5743763037449314,1.9450298107685295,2.3896368625745676,2.8876024361210164,1.239563914493746
Czech Republic,3.156836713535864,2.900487444976552,4.986914412631349,3.5810825134907707,2.876103537892941,3.296620055843119,4.673315266721813,3.4808007828091383,3.7733372015473345,3.970118804390111,3.7474530147909375,2.411757911441116,3.2992987634209525,2.9070226355087243,5.110978668767267,4.285580953857327,5.649676746765753,2.7666631236226142,5.229260939466781,4.817460465614145,4.680429735523713,4.72513833022574,3.417435322274199,3.9131452786004854,3.87765143936613,4.656717259320653,3.5513273753350196,4.461692722403506,4.010565662698391,5.466564014797011,1.869977484348406,2.5637880462252767,3.1674160767538613,3.6714839263924346,5.014287964527405,3.1056619103490095,2.962242768946674,3.9998484350901964,5.7112941828255135,3.5799085007777425,2.4437631095918917,2.8339900145021395,3.659624734765364,5.004645934390696,0.0,2.9136075833180306,3.594669852302468,4.070490772385388,4.784442427268044,4.981486249043901,5.174238988653135,4.969747106030122,2.347739832954308,2.488090732700205,3.9588283150027865,5.356312014580995,1.7486604918087254,1.9362851508433474,3.960566436087659,3.090434110538833,4.343810228697987,4.9483254848218134,2.4795460447970616,4.295693815094789,1.8688391635289825,3.9426880586184,3.1795558788843623,3.5223376208445587,3.1383551264337433,3.518710263356124,4.042547231617723
Ireland,3.1017869041942263,2.2003901706024127,5.1485304474946405,2.807698321170888,1.8641995338742805,2.7983827049870005,4.926081596398735,3.2528495249319516,2.759961485878456,4.065908427669662,3.896679670712599,1.795729055979918,3.7916420747557473,3.256320107192394,5.250381434907057,4.444742317125461,5.588035369035274,3.243233912130311,4.429356139826871,4.999136355758451,5.015867886351877,4.732456108137734,3.144854863168594,4.0622935055133125,3.145906099371644,5.434916952899944,2.00294983646824,4.635676794240395,3.7493351500128873,5.499396322705088,2.956228337207038,2.769583198644629,3.702702885332276,4.684087840906224,4.903677736752015,3.403852954838603,2.987624528542772,1.8767167532363485,5.631424012300377,3.6391061789520873,1.298828738826921,2.474693849409474,3.506684208238028,5.176201475491229,2.9136075833180306,0.0,3.9238447089602086,3.567601882742966,4.716562381468526,5.321149756395051,5.2958634422906385,5.1852051420280265,1.7010803648901283,3.8557533195323366,3.691113928824473,5.518903757955142,2.5186932102214006,2.1816262235620854,4.147857881095366,4.088440235061906,4.391442189519504,5.047433983277926,1.3155208586578429,4.3992945868316795,2.831805791181931,4.062538398913391,3.9957314636656815,3.523325297616534,2.9449902057717328,4.006626936513618,4.0771071068086515
Greece,1.2861616757322,4.362710745682437,4.048124888857221,2.844557154416944,4.779014558697289,2.519547273157455,3.846781155572293,2.903699316339595,4.706906485963401,3.005617355398757,3.3391633929000464,4.262648332322697,0.7887612662247773,3.9560942404393487,4.06366731642707,3.36841325111216,5.020888180094891,1.0626951467055865,5.7122263212980195,3.7074985649124064,4.140005320080614,3.795911546569072,2.87640404644112,2.9428139855155258,4.845026032277294,2.2182508053538985,4.862179300658098,3.5033482769851028,3.306206256939723,4.796073128431337,1.9656572060500699,1.8026780226280703,1.2060082618734094,1.1044900241909967,3.975635724690979,3.333778726932195,0.9984367826133475,5.307611380377526,5.121712516058606,2.617298336964031,4.032508528457637,4.712861340729694,2.9887983055577316,4.073000966163181,3.594669852302468,3.9238447089602086,0.0,2.8151996252008704,3.8219774122239225,3.4184900391388044,4.337693164286174,3.851091594577377,2.980119838743548,2.0936170650408146,3.2975125202632514,4.487149894028744,2.3718944438730203,3.606195608319578,2.8096804466313627,0.9596933823291008,3.694932756035251,4.267867187836408,3.7344925014391417,3.596770022081852,2.968276378831119,2.9206285597184767,0.9169425618700343,2.476396810452801,2.561769890459794,1.289225331579853,3.0257868571937347
Israel,2.8847210057875827,3.11624681309739,6.06609788433889,4.116166202250898,3.95368503610013,3.9587515298624445,5.961207591031862,4.542967242523008,3.001861711870755,5.032749311306183,5.222712992430305,3.4489076199279065,2.737147114366169,3.4822299100275624,6.174305309167279,5.373396653619033,6.990574033883411,3.0618806807366146,6.963230292994166,5.822599441779331,6.296353652837659,5.754284107624465,4.466318776211387,4.9803486288716705,3.022151037307128,4.777606713501369,3.6322521296003996,5.579692099029073,5.114239008983171,6.797417204193428,2.7098637607301375,3.276117562729092,3.6444141362565574,3.5289553826035847,5.989420227677734,5.108935555676247,2.681050455914896,4.278796701885678,7.074232612211981,4.584886470901639,4.082584129209927,3.9170669683013197,4.728351086873022,6.150429817393759,4.070490772385388,3.567601882742966,2.8151996252008704,0.0,5.798917785273262,5.748781791109967,6.374644606995139,5.996177182462959,2.853223487825601,3.7244925223014724,5.074796911804832,6.558524739863068,3.2734183111901927,3.4970380841543864,4.943205715259183,3.0229608847381795,5.722245297451922,6.313953934907789,2.84537968279663,5.537673837347508,2.812270358669975,4.9170868940992545,3.4134943830287328,4.423229793768447,4.114341371766689,3.6418757114896336,5.013657705327203
Qatar,3.0357749031146524,6.113859592222767,0.5884345461362501,2.068118481842007,5.834852883865139,2.1282322909843856,0.8531431275449626,1.5256456982777116,6.9562435093914035,0.9978047181160342,1.0700940445378588,5.766243385366943,4.2957635248562775,6.5415544225198206,0.591756306281251,0.6466129705350931,1.3137489772102544,3.2719037065518846,4.585152248464895,0.6257297873203037,1.2934324243768607,0.26750856598983697,1.6366097356130995,1.06495692454988,7.283811325073164,2.9608842398619886,6.435696630202017,0.514683793228518,1.0382827885183115,1.1477954370861614,4.483780336936802,2.835845671958634,2.820096441470594,4.1644308581014045,0.26200304554540893,2.603119933725079,3.4272990621526724,6.348238656359293,1.4050835419955086,1.423695060519058,4.724052153951058,5.977748332632067,1.3046269885685895,0.5992317183895656,4.784442427268044,4.716562381468526,3.8219774122239225,5.798917785273262,0.0,1.2137171230231123,0.7729332553200576,0.6849524050852365,4.862523645475018,4.20224467257326,1.060661953150751,0.8906370837840168,4.152341262627085,5.324334897315437,1.135192047668253,3.942548969631198,0.7433092965763667,0.9243150352828621,5.09960803281388,0.6225205895746874,5.318978482595483,1.0398190852771363,3.3970378861776664,1.5548839162181012,1.9934889383783954,2.694526423779843,0.8765739290621133
Cameroon,2.991360936111911,6.504540912409718,1.0619195142406122,2.6562311113322736,6.385250241882009,2.5844445783021555,1.1116264081051317,2.127637977870591,7.237096769745081,1.3516834986124113,1.7342955136262526,6.151194663279634,3.955066052711161,6.64265910260516,0.9849908956943106,1.0960535415744896,2.0215000833993346,3.087432721532793,5.200689044577538,0.7792262683991756,1.6388599264107229,1.1794370596615806,2.229357335192613,1.3407704737059016,7.524439402700464,2.029863556805249,6.87794347200661,0.9661650173098749,1.8147878379157412,1.7711530153122186,4.428090255558623,2.942363279229644,2.516266980200597,3.54790815097456,1.2159851902685255,3.0107844981066463,3.3337755084725655,6.937504009316768,2.1307181700155997,1.7095450230432538,5.292508491920996,6.441091489399102,1.9026729098636919,1.0396865471601586,4.981486249043901,5.321149756395051,3.4184900391388044,5.748781791109967,1.2137171230231123,0.0,1.2839048333027616,0.7277732047176876,5.112237108257209,3.949210060675542,1.861635805696246,1.307404038107075,4.284456263227261,5.615152105515832,1.222092216635616,3.4989527794056,1.4878864411092845,1.4955702270658857,5.548771694486815,1.3955135364500544,5.3877642720427925,1.306134803439589,2.9474328070282967,1.8271832303283164,2.4152988750532534,2.295535788966564,1.3005982665854174
Tanzania,3.6191387749530697,6.689512338864534,0.49012714059811596,2.6637366281278894,6.364088927374972,2.739754749567366,0.7310456351255702,2.1161183183541588,7.494605448251278,1.5012169706201246,1.5544377182260216,6.241574873059566,4.815799205708909,7.103941498686991,0.5807842385401064,1.056273595108312,0.8567225153343228,3.770694301994646,4.818726356850967,0.685983628906284,1.2452845951607612,0.7730546432687717,2.2215116805027293,1.5412271757397797,7.839373608732598,3.2372950790596544,6.945889825151254,0.9017643956371139,1.616009545912431,0.6005140570164057,5.004133181834456,3.374384327154788,3.321935413889432,4.582303352984295,0.6817546664559408,3.059137419103548,3.9943279139622185,6.858734001750804,0.9558089853340882,1.9930481302179952,5.2487507046968505,6.512128125184113,1.8803990094893277,0.4056338368135635,5.174238988653135,5.2958634422906385,4.337693164286174,6.374644606995139,0.7729332553200576,1.2839048333027616,0.0,0.5837471589060774,5.402224329568355,4.630923571916989,1.6621802262302925,0.325425076297409,4.70773163231275,5.874694485938968,1.6065546721294377,4.393445211077114,1.100833832622186,0.6100595849244397,5.674358386764593,1.1585653090097936,5.829157102059869,1.5210935387835423,3.842758314937279,2.15863217302339,2.558084345120576,3.184252993104269,1.453968321466286
Uganda,3.2135353291716076,6.477817501354085,0.4017497592606098,2.504400017817319,6.241993416379634,2.5067353503488152,0.6854317629474681,1.9372489217007667,7.27694675971008,1.1976241960291627,1.424964499009212,6.094618739914553,4.352709848478111,6.798723985002934,0.40118105699870027,0.7651416512395809,1.383373703149784,3.360564631147087,4.959538344139652,0.2473175479770833,1.3025337454105532,0.6411080318011307,2.0494780176095184,1.2201933470195567,7.592105930231265,2.6605545299841524,6.8143378044034515,0.5818727507862483,1.5174637868818486,1.1319680688778084,4.634966594267909,3.0446464760175203,2.8662608176540254,4.063330550116648,0.6676059083696617,2.9251495241796603,3.591678892909296,6.795258498319009,1.4892996536636118,1.6844552603601064,5.14023936186171,6.345480834828378,1.7028265298927046,0.352349378570803,4.969747106030122,5.1852051420280265,3.851091594577377,5.996177182462959,0.6849524050852365,0.7277732047176876,0.5837471589060774,0.0,5.164608514169776,4.251359555474982,1.559864055639513,0.6657211275589852,4.396895516904268,5.646555916335281,1.2218597193845087,3.910935821782369,1.071035292788854,0.9168065220463857,5.492138832475907,1.0212004395875949,5.515366362653238,1.1957420440072064,3.365509134217339,1.8380265663409616,2.3380985321731687,2.684833129351846,1.1526991107876607
Belgium,2.559212448985929,2.453408696368902,5.223086743625829,3.0026983479545524,2.6662991294424065,2.8171337146756144,4.91988235295585,3.373984180920575,2.4680344547619684,4.021035358458015,3.991657472879148,1.6244833534823628,2.7618002158184396,2.2451595542932945,5.311516154731921,4.439027782424005,5.873216097522021,2.418210870801507,4.653044172679714,4.98963696370164,5.1002512113867455,4.838898957882615,3.270462759889523,3.9806424562015894,2.7031426616702667,4.739374893781127,2.2196041122978363,4.62638776542983,3.9202918520235004,5.7121315460673845,1.9370761702710515,2.2945561458594304,2.9986644364214468,3.5655343319172803,5.054445976276031,3.4608926312135284,2.2233385365382317,2.6404041164511685,5.939465401947532,3.5131026037210713,2.0822377052967247,3.0186336904905104,3.598630165751192,5.221500834394284,2.347739832954308,1.7010803648901283,2.980119838743548,2.853223487825601,4.862523645475018,5.112237108257209,5.402224329568355,5.164608514169776,0.0,2.958304206794204,3.8781283882234234,5.628153772817146,1.9470292478598439,2.0078209362721195,3.996476421709733,3.0391030389033213,4.509983309613619,5.1764193106306555,1.7871908309336981,4.519668750546224,2.071288698879638,3.986050848127007,3.0468221596784875,3.4410292484256235,2.9282559337512803,3.3653293859114752,4.067949522741264
Hungary,2.435342333047085,4.19323326460129,4.407606821250443,3.3900159043241045,4.489381736906155,3.090819920768881,3.984321262115196,3.1858685370238855,4.658894368082943,3.423151910611206,3.388160333864697,3.7781275283230062,1.7897518268682668,3.4490755419159735,4.457797262659874,3.735381588761393,5.178711090917407,1.7683487782441452,5.204373675416938,4.14199491319168,3.9660102795294705,4.194511774520013,3.1343482303032175,3.356908049616858,4.825557491506597,3.206426883798514,4.648473901181584,3.852416039294551,3.5620068547890646,4.95483852744043,1.6807269596589933,2.1930961901665724,1.8237220324363699,1.9200313563544291,4.391300783183468,2.5775973016204743,2.0419108026500745,5.10228147245216,5.268033881642441,2.968713804447996,3.713245966570133,4.356477247496306,3.2335523178250662,4.4242756593056844,2.488090732700205,3.8557533195323366,2.0936170650408146,3.7244925223014724,4.20224467257326,3.949210060675542,4.630923571916989,4.251359555474982,2.958304206794204,0.0,3.5568748313431477,4.765056356183334,1.8099080041279432,2.723990128789985,3.271969899242586,1.7157341595320272,3.8171329358734156,4.39801169633269,3.5262807757344437,3.7390432413253487,2.5566801826700125,3.3445306711407126,1.6442984795743534,2.823814273561963,2.774091944798172,2.353802575999722,3.393700217793122
Bolivia,2.3828771105321365,5.185312200710984,1.5418704566142547,1.1686554603329806,4.887985442699961,1.2426487799416235,1.3509605069316888,0.5892787885566815,5.967804065182575,0.7476022028461857,0.574900985455859,4.759400803198375,3.675322252997848,5.6123985421488065,1.6037118647920805,0.9337381124347796,2.0591256773878905,2.5884198568616155,3.9406414226644606,1.4075100714157633,1.607998609946007,1.1262432876287152,0.6724419002301696,0.8096002693457275,6.3155761239383486,3.0857338093909727,5.406226748388114,1.046266239883399,0.12513010552781403,1.9216977320363027,3.7029258753950014,2.041628679936247,2.279626939736021,3.777264943371503,1.240427649990928,1.860435521259557,2.6987229928450187,5.314649417359879,2.131418636947574,0.7745993410758212,3.7308220309966544,5.088672052945819,0.42526606232685493,1.5381829682237766,3.9588283150027865,3.691113928824473,3.2975125202632514,5.074796911804832,1.060661953150751,1.861635805696246,1.6621802262302925,1.559864055639513,3.8781283882234234,3.5568748313431477,0.0,1.866415898388304,3.2986791443711723,4.370638819597309,0.9461363707629477,3.4525191118737957,0.8009635164667177,1.4763645057628427,4.145882059276712,0.8619800969229644,4.473304411864318,0.7977064550304406,2.9096118388509367,0.8600203350635122,1.0693657903398164,2.3320716136504585,0.6423603186948444
Ethiopia,3.7932043253138312,6.890691114983525,0.5254470404102562,2.8881281185317547,6.578250462089921,2.952053292740661,0.9236891188776313,2.324892162717778,7.735872463360662,1.7025462150275816,1.7316523468928144,6.480009275430269,4.973812287590421,7.290097223596353,0.53115708773753,1.2416388343093867,0.8532588071766177,3.956763665365956,4.979929046605609,0.832726705019416,1.3162614121768672,0.8853790016271729,2.4327973078421152,1.7427514481293265,8.068168512866691,3.2754481495212344,7.196436189744441,1.054363700715629,1.828275257167805,0.6320348670717791,5.176009786894486,3.570142605427473,3.4700338491329514,4.693151421082552,0.78355993735001,3.193588922278899,4.178188081506994,7.106049462903256,0.9468128040932717,2.1764020734465976,5.471674560247025,6.706510119466502,2.0856508616899374,0.4700398716419518,5.356312014580995,5.518903757955142,4.487149894028744,6.558524739863068,0.8906370837840168,1.307404038107075,0.325425076297409,0.6657211275589852,5.628153772817146,4.765056356183334,1.866415898388304,0.0,4.877477037458886,6.060974148276659,1.7907621080018268,4.527304370036555,1.2900020804676888,0.8334654967290789,5.876207374262152,1.2556074621355484,6.0216174736809105,1.7235560322080556,3.9834427129990506,2.33618021876849,2.766494570675057,3.3136263028732653,1.6318885083734742
Austria,2.073389387478825,2.73626878885996,4.473523704395682,2.8521489129000117,2.9257645914877433,2.4870207759484098,4.197732931576624,2.817230315927937,3.6596877637959886,3.288555626082492,3.2249328318434416,2.8040991016211274,1.9881040425249776,2.5699953691995017,4.51501830645147,3.7202020005935994,5.20786368573541,1.7462235678914777,5.058842148703811,4.221947426612006,4.190684971586024,4.148937738232906,2.759378712199476,3.2506834561049023,3.782677666222982,3.7585429948651377,3.59932642019986,3.8796314910158056,3.348147623239867,5.040220843919958,0.9442825747917556,1.77100367744503,2.1165514225014865,2.708261892270769,4.360769088430125,2.4729793915159286,1.7712317684465309,4.016716271593116,5.28273936690661,2.854014838048974,2.1411058244343195,2.8024946035867435,3.0229864445583097,4.49099790718406,1.7486604918087254,2.5186932102214006,2.3718944438730203,3.2734183111901927,4.152341262627085,4.284456263227261,4.70773163231275,4.396895516904268,1.9470292478598439,1.8099080041279432,3.2986791443711723,4.877477037458886,0.0,1.5337335617776506,3.24447034712694,2.22775217311615,3.7627306285407722,4.487902948488649,2.3018075336848667,3.73417207258812,1.424172111363087,3.296267354742723,2.2448245890662863,2.679720937807616,2.464098871569054,2.543106381719121,3.3570526222184096
Switzerland,3.3207340484682724,1.9340683310459121,5.683689364887212,3.801135173209281,2.129609552433375,3.57662561559155,5.3546502364674184,3.901745795956269,2.764935629874241,4.532902364077119,4.353670902269776,2.012275338972516,3.1140796566377267,1.9858390658148537,5.7550935359076,4.943481168899271,6.258306193521787,3.0524382071001304,5.283780948932417,5.470969111968337,5.27077278955357,5.342125776549867,3.814704682458319,4.5055020439692655,2.9274055591991983,5.233244047356985,2.6640674159453703,5.114811429190486,4.417555771976007,6.121140275380115,1.9843759894654907,2.982532857881735,3.507302394175112,4.005031127488296,5.533241580392623,3.317809913102503,2.9710248158717762,3.1355603281148783,6.31916984964106,4.08103402784379,1.8159263746081638,2.0467269076717134,4.114745881338233,5.712246419199438,1.9362851508433474,2.1816262235620854,3.606195608319578,3.4970380841543864,5.324334897315437,5.615152105515832,5.874694485938968,5.646555916335281,2.0078209362721195,2.723990128789985,4.370638819597309,6.060974148276659,1.5337335617776506,0.0,4.533365534781696,3.5108737229613203,4.885311513233913,5.584620533780852,1.8024301538934355,4.878400958743977,1.4881924874081265,4.530007306094537,3.594517660819236,3.8962042695450907,3.5181221841669297,3.9593491216381387,4.5622583073384675
Tunisia,2.10102207118703,5.376505426309248,1.3845883346712486,1.6011948592212082,5.2097197926057905,1.442258650006028,1.2145630656541258,1.0172662822452212,6.134870444906231,0.2818698956243285,0.8576135964894652,5.01874117915761,3.253164361510785,5.602503537668598,1.4052408744852851,0.6374502627814159,2.2864423208427027,2.2094170859997004,4.539848608813952,1.0426314092003846,1.652617473194519,1.1095872200904253,1.1231382476978256,0.22375839827753782,6.427297834421246,2.2103270502879235,5.735930118166295,0.7590357189446463,0.9322435982965033,2.0684145868289106,3.479186918145754,1.8950233663726288,1.7785020433143428,3.1368847255482577,1.2990176871922674,2.164833624037008,2.4356745932764565,5.793408025444266,2.3835510943530607,0.6045820255094504,4.089223598646195,5.312105277675558,0.8830259294070708,1.3623135739605825,3.960566436087659,4.147857881095366,2.8096804466313627,4.943205715259183,1.135192047668253,1.222092216635616,1.6065546721294377,1.2218597193845087,3.996476421709733,3.271969899242586,0.9461363707629477,1.7907621080018268,3.24447034712694,4.533365534781696,0.0,2.9061807808003186,1.0096603428093858,1.5597336174308285,4.439765863212159,1.0298932491629895,4.36448662333881,0.31401008742274567,2.3492190520196634,0.7535865870319912,1.3185689583577556,1.702003586958515,0.46263652407858297
Ukraine,1.54653998144256,4.317401483104665,4.079883907761031,3.096081580587789,4.747334511341121,2.72679323819214,3.8858523700256318,3.021187928892314,4.802305127855589,3.105806788912093,3.347954673409376,4.177836467650564,1.1616861836740926,3.863528117938445,4.13198337844803,3.412080596109256,5.120127230636017,1.1314788256910828,5.897917911841192,3.7827662232410924,4.165774423213382,3.871841081712019,2.999249030354103,3.0229344726597485,4.880164370558816,2.185247894204158,4.970507290019612,3.553612521870743,3.4728671307204424,4.870705410231051,1.640878599401205,1.784201728051868,1.2857244602188616,0.8143699336851963,4.12756330797289,3.338755622312414,1.3514555931340433,5.475643981820016,5.220594979335934,2.7124325727687792,4.093980643810543,4.617502081553914,3.099517271101267,4.113028799962373,3.090434110538833,4.088440235061906,0.9596933823291008,3.0229608847381795,3.942548969631198,3.4989527794056,4.393445211077114,3.910935821782369,3.0391030389033213,1.7157341595320272,3.4525191118737957,4.527304370036555,2.22775217311615,3.5108737229613203,2.9061807808003186,0.0,3.7909038546990828,4.348577627380493,3.708688544653616,3.6256861714889763,2.740406510428733,3.00151502671885,0.7057186666293368,2.6212517512282725,2.6651300115713554,1.3296645105702767,3.132094517137536
Malaysia,2.949600465075042,5.824308241511676,1.1169493913742405,1.944963201564117,5.495095716951524,1.962112775762828,0.7543100998048552,1.2943814457772815,6.628897644349513,0.8463197081405419,0.6864932928294298,5.376715789331642,4.063458773351991,6.138078525399978,1.11009042847041,0.7761137570862984,1.4758072461660587,3.0273457437125093,4.109935261159534,0.9703648763538066,0.8902768065289355,0.8747822849444246,1.3917895380109824,0.9154156775738801,6.974991570040509,3.0589118091793708,6.069596971289157,0.7173539082323681,0.7435162916557059,1.3158233767908298,4.170269268285185,2.60934515459311,2.604416376704255,4.009348956124571,0.844757990180463,2.0143018536505846,3.2371336917662012,5.990635912598643,1.5591228012319667,1.2149746180776662,4.292029997232239,5.649246140345568,1.0763609566160917,1.0414690267196587,4.343810228697987,4.391442189519504,3.694932756035251,5.722245297451922,0.7433092965763667,1.4878864411092845,1.100833832622186,1.071035292788854,4.509983309613619,3.8171329358734156,0.8009635164667177,1.2900020804676888,3.7627306285407722,4.885311513233913,1.0096603428093858,3.7909038546990828,0.0,0.8050966617839885,4.833699710005131,0.683348438807757,4.96194470452568,0.9635364729658715,3.2085421356514066,1.3289441929201162,1.7315388064867834,2.6520430025047292,0.82035426221861
Vietnam,3.5772325444794495,6.505553608049409,0.9539246764760377,2.538539635871442,6.139511605441792,2.629856340730854,0.5429721775907275,1.9664799367570696,7.254599729398582,1.4371738048273839,1.3807184326438855,5.973951201774425,4.678018385545514,6.861964480584796,0.9957267620554702,1.130195591281839,0.859084905210006,3.6386564036460403,4.392527824767788,0.9352587463906821,0.8322168268243537,1.0316868225905964,2.056377095973734,1.4845832886484138,7.630381185392189,3.3779706818812594,6.663344167315145,1.0110060018280627,1.402022014323552,0.639878391203877,4.846025147606668,3.2566037344418324,3.212621070354068,4.533468335833103,0.860576387448251,2.671373315485301,3.878023105161639,6.561620394588057,0.9520665776773095,1.883648180307635,4.959100124578646,6.30787254433094,1.7224025037087625,0.8540421631008602,4.9483254848218134,5.047433983277926,4.267867187836408,6.313953934907789,0.9243150352828621,1.4955702270658857,0.6100595849244397,0.9168065220463857,5.1764193106306555,4.39801169633269,1.4763645057628427,0.8334654967290789,4.487902948488649,5.584620533780852,1.5597336174308285,4.348577627380493,0.8050966617839885,0.0,5.487146463015822,1.1453289348393096,5.630871459466098,1.4817869303048337,3.761331556151319,2.018305364522194,2.382119967297883,3.1992835692684527,1.396920322482704
New Zealand,3.027411553712287,1.4503836112584416,5.448694376878712,3.2572723865171143,1.6428161972528548,3.1733898371307894,5.272910600787252,3.6183078474003088,2.3428340781006844,4.39879878156734,4.244876791385589,1.4981116118667048,3.550220558752469,2.906254646030393,5.587360782738577,4.740869870133977,6.077015273902378,3.1454055847074542,5.376602928168787,5.309941653134716,5.398251901263844,5.0771805180737015,3.5152267640759507,4.3715181158630925,2.602072160156341,5.354692674527141,2.027250944396639,4.953927778830403,4.2114548632582505,5.945953478648933,2.4725024927018544,2.7608750532382516,3.690402164041871,4.399986223782055,5.321621460239102,3.787958820847597,2.9012318838274322,2.3476159678248973,6.131079001714645,3.9351838779411663,1.8672410581820984,1.9643327736290168,3.8619736641407094,5.517765563920987,2.4795460447970616,1.3155208586578429,3.7344925014391417,2.84537968279663,5.09960803281388,5.548771694486815,5.674358386764593,5.492138832475907,1.7871908309336981,3.5262807757344437,4.145882059276712,5.876207374262152,2.3018075336848667,1.8024301538934355,4.439765863212159,3.708688544653616,4.833699710005131,5.487146463015822,0.0,4.708727349734354,2.186874737078292,4.343153878957309,3.8191262787844087,3.793383356452633,3.2335897580931716,3.921830580122563,4.383316967942647
Jordan,2.792260521417517,5.752089196241673,0.9243508270390128,1.8918228801196617,5.492452236994985,1.912059490614226,0.9110300808491582,1.2348253606048119,6.629770926595453,0.908794680578966,0.6608988648919009,5.373997868410575,4.02298890759659,6.138906073723352,1.0104274035297944,0.6348300657810533,1.6520631365178386,2.9710924552902087,4.383678128692063,0.9637298322714125,1.184834000345782,0.6315370989110789,1.3326356588840516,0.9472412796833131,6.946687218693937,2.8986605085870267,6.106960554776209,0.6046650113502496,0.8650022361788766,1.4657337028890363,4.084695593153958,2.490562135485408,2.5203073822376587,3.895123198546187,0.8535922566656192,2.1372275329688217,3.1507270002761367,6.042127354542,1.7365914462269643,1.1286862797194765,4.399594004028699,5.617296159975309,0.9925333937444996,0.9686555435718849,4.295693815094789,4.3992945868316795,3.596770022081852,5.537673837347508,0.6225205895746874,1.3955135364500544,1.1585653090097936,1.0212004395875949,4.519668750546224,3.7390432413253487,0.8619800969229644,1.2556074621355484,3.73417207258812,4.878400958743977,1.0298932491629895,3.6256861714889763,0.683348438807757,1.1453289348393096,4.708727349734354,0.0,4.929558718651626,0.8958563591395367,3.0948787039263737,1.2524251532246982,1.6417502750682633,2.469188405563632,0.6767358964993581
South Africa (Afrikaans),2.862875733026434,2.0084198768699646,5.5896668724685155,3.849577725751975,2.526659758244335,3.5213490644200305,5.3359684593398935,3.9387776436163473,2.8211137758296037,4.410353162256376,4.4082431498503984,2.426427255303149,2.4463148638955374,2.023985623334209,5.669469484705315,4.8298670010187985,6.372235395371351,2.5486521580174024,6.111882390261067,5.324373362617986,5.402322916808391,5.292088350719611,3.875932993177278,4.36106269704728,2.8151340132364657,4.6092104422005935,3.156191109662232,5.022193264823729,4.52146485032947,6.1925951129348045,1.2033951023900262,2.6992313204822844,3.139176283231571,3.2736027112948256,5.532607980933534,3.797809995434244,2.5281086099276804,3.871475948169868,6.446752878980558,4.015586909311973,2.415567335391811,2.234688814657279,4.1636668589395445,5.626178119766707,1.8688391635289825,2.831805791181931,2.968276378831119,2.812270358669975,5.318978482595483,5.3877642720427925,5.829157102059869,5.515366362653238,2.071288698879638,2.5566801826700125,4.473304411864318,6.0216174736809105,1.424172111363087,1.4881924874081265,4.36448662333881,2.740406510428733,4.96194470452568,5.630871459466098,2.186874737078292,4.929558718651626,0.0,4.391697648850476,3.0376682130494874,3.8484988953940724,3.5598811881388714,3.4377312868237135,4.504688520645694
South Africa (Zulu),2.12259764615383,5.327919109859024,1.2912301987764958,1.453932652233166,5.138598015024826,1.3696410559514847,1.1444303313326962,0.8631607932815013,6.0878786256437225,0.2861357752042399,0.739495799831066,4.939268157942834,3.374367956762316,5.661084796645816,1.382549754615362,0.5012212259556055,2.191860073021992,2.2789928989275032,4.503410160867617,1.013410636028739,1.6412768934558475,0.9956499372720016,0.9687008057761871,0.2291088487863153,6.397986420116497,2.3998962636848282,5.655605371033654,0.7036898180208899,0.7878312288097182,1.971819156019892,3.5323562124134793,1.8755879089027545,1.9048560065882876,3.2921340612433303,1.2336429733890535,2.1888709431938054,2.484531017182703,5.689715999217591,2.28570517011405,0.5768615864352057,4.05223427581935,5.262838074354386,0.6933173524917375,1.3064786369156232,3.9426880586184,4.062538398913391,2.9206285597184767,4.9170868940992545,1.0398190852771363,1.306134803439589,1.5210935387835423,1.1957420440072064,3.986050848127007,3.3445306711407126,0.7977064550304406,1.7235560322080556,3.296267354742723,4.530007306094537,0.31401008742274567,3.00151502671885,0.9635364729658715,1.4817869303048337,4.343153878957309,0.8958563591395367,4.391697648850476,0.0,2.4666042256011185,0.7388234317153449,1.1967682289260713,1.8109642999897582,0.29798807146834644
Bulgaria,1.3574911436606059,4.557924152821886,3.562740642169147,2.6680787931439545,4.854584137229799,2.3143719726027547,3.3011829714634393,2.5366548577957504,5.018387395770015,2.5660193796160837,2.823097322601435,4.256065390785035,1.2797562588719262,4.102397167622795,3.596522276638616,2.884240045280692,4.54435265001913,0.8359132043712367,5.348642308002155,3.2436058125775458,3.571976200752691,3.3463112304615796,2.5184346755791003,2.4854161744574155,5.172203336941388,1.8762582422229843,5.033200072036968,3.0086131636351507,2.9158832830728096,4.297419224278183,1.9064218594110838,1.5039005390925972,0.6813979387506359,0.945035235601501,3.5670344578468334,2.8364381178895774,1.1772202753109506,5.43748906318955,4.645743171710072,2.1651882994167844,4.007373058614958,4.80060744968871,2.5794901625621383,3.5743763037449314,3.1795558788843623,3.9957314636656815,0.9169425618700343,3.4134943830287328,3.3970378861776664,2.9474328070282967,3.842758314937279,3.365509134217339,3.0468221596784875,1.6442984795743534,2.9096118388509367,3.9834427129990506,2.2448245890662863,3.594517660819236,2.3492190520196634,0.7057186666293368,3.2085421356514066,3.761331556151319,3.8191262787844087,3.0948787039263737,3.0376682130494874,2.4666042256011185,0.0,2.0860843636431534,2.2003804927097734,0.9295915692591091,2.584029452231401
Lebanon,1.6524341582271114,4.776231906592263,1.9244211860109468,1.1523491025158665,4.64271144923456,0.9603160394473913,1.7036602687594158,0.6133143364420598,5.540710493846507,0.7817844473229205,0.9205162031189519,4.441728195188447,2.853219799262058,5.042299268840093,1.9701900862328925,1.1730707309651527,2.717118511388974,1.7992452186053431,4.296832248722523,1.6697745954176706,1.9604336254901529,1.5713426012924796,0.6590659846595357,0.7627608437881847,5.84392043456394,2.4572903749224846,5.136256717976365,1.3258671369395303,0.8810046790140752,2.5298129641389893,2.9848078554254007,1.3797618526897797,1.4477177554884553,2.9476060710608225,1.7517760415735444,1.7258683778476474,1.9414526259395677,5.191414424576975,2.805268280513777,0.35175724035017236,3.5388825216386586,4.7532532070410545,0.5960683031827334,1.9450298107685295,3.5223376208445587,3.523325297616534,2.476396810452801,4.423229793768447,1.5548839162181012,1.8271832303283164,2.15863217302339,1.8380265663409616,3.4410292484256235,2.823814273561963,0.8600203350635122,2.33618021876849,2.679720937807616,3.8962042695450907,0.7535865870319912,2.6212517512282725,1.3289441929201162,2.018305364522194,3.793383356452633,1.2524251532246982,3.8484988953940724,0.7388234317153449,2.0860843636431534,0.0,0.7214707622079956,1.5315433238621485,0.7194515092165958
Costa Rica,1.5601304214951663,4.322284431934918,2.359201179747831,0.7367544008983258,4.157288926614086,0.6427472377432725,2.1087586266976093,0.5554453553806377,5.016533032481373,1.2854596547223247,1.2100569308753453,3.832731935786195,2.8885601386755315,4.701871018339819,2.4727229100400185,1.6106977228766317,3.054338252506216,1.7315726867797143,4.009472458366007,2.174775221752682,2.3831137520798635,1.9826460178491236,0.4477962958425343,1.2573974126867697,5.3494212197137845,2.9688551989662715,4.533837626635607,1.8030837358122693,1.110076246166171,2.877653201898529,2.7686663470848396,1.0667509374187665,1.6382352799815134,3.1273040407888617,2.2028486931840923,1.7426129419978267,1.8063152092861017,4.5594169337595805,3.1300388518211584,0.7739497660802772,3.094094231367457,4.355984093841442,0.7032366036059521,2.3896368625745676,3.1383551264337433,2.9449902057717328,2.561769890459794,4.114341371766689,1.9934889383783954,2.4152988750532534,2.558084345120576,2.3380985321731687,2.9282559337512803,2.774091944798172,1.0693657903398164,2.766494570675057,2.464098871569054,3.5181221841669297,1.3185689583577556,2.6651300115713554,1.7315388064867834,2.382119967297883,3.2335897580931716,1.6417502750682633,3.5598811881388714,1.1967682289260713,2.2003804927097734,0.7214707622079956,0.0,1.797119956956027,1.2093797864475984
Jamaica,1.0316622541596023,4.71933170781041,2.852840706764727,2.1606331464904818,4.91480181034094,1.8076221801698873,2.7554640602847202,1.9891254270824643,5.3704647353161645,1.9127777780574275,2.2785054165452667,4.563184145440738,1.8621548094222542,4.661254684585534,2.884656861289856,2.204296090599721,3.922651099681732,1.0906297177960398,5.373708619957395,2.548021917878024,3.1268123967641395,2.6272689967857885,2.0050350493941185,1.8377930491769954,5.544734349151812,1.4599733904070966,5.30056475249126,2.336484264109249,2.3510176711261725,3.6850544097156845,2.3774307686388707,1.331142552780344,0.7035493553077414,1.6191322888438104,2.866702914911235,2.7729854125164985,1.2954685876900784,5.602237077515446,4.0243098299815045,1.600477110332848,4.046292431305425,4.883061175280398,2.0276405456701094,2.8876024361210164,3.518710263356124,4.006626936513618,1.289225331579853,3.6418757114896336,2.694526423779843,2.295535788966564,3.184252993104269,2.684833129351846,3.3653293859114752,2.353802575999722,2.3320716136504585,3.3136263028732653,2.543106381719121,3.9593491216381387,1.702003586958515,1.3296645105702767,2.6520430025047292,3.1992835692684527,3.921830580122563,2.469188405563632,3.4377312868237135,1.8109642999897582,0.9295915692591091,1.5315433238621485,1.797119956956027,0.0,1.9357406193158821
Dominican Republic,2.2290005978634206,5.396694488038364,1.2183046358371674,1.4585956858081628,5.198470239890435,1.4197807591563192,1.0768120237975245,0.8410193550127713,6.175683457534513,0.39240048320263415,0.6377067561889864,5.016147363208883,3.474499720418266,5.729918149782563,1.2878181139989255,0.49449830513368476,2.06506314634475,2.4097224375862694,4.391077229181582,0.9962432637651438,1.5073853154046697,0.8751616283068636,0.9455762171869341,0.40813083096727126,6.49227218381229,2.512769040885949,5.717505403932372,0.6376203977945907,0.6300549465914383,1.8601721814583219,3.640393203840778,1.9869226475872148,1.9959176607407043,3.407801653867024,1.0819139079332605,2.0814834622940874,2.5831928049467945,5.715764929609629,2.1579387637011687,0.5890003244191845,4.096195023377919,5.327778672065737,0.6134921617565934,1.239563914493746,4.042547231617723,4.0771071068086515,3.0257868571937347,5.013657705327203,0.8765739290621133,1.3005982665854174,1.453968321466286,1.1526991107876607,4.067949522741264,3.393700217793122,0.6423603186948444,1.6318885083734742,3.3570526222184096,4.5622583073384675,0.46263652407858297,3.132094517137536,0.82035426221861,1.396920322482704,4.383316967942647,0.6767358964993581,4.504688520645694,0.29798807146834644,2.584029452231401,0.7194515092165958,1.2093797864475984,1.9357406193158821,0.0
